entity_name,location,inspection_date,good_practices,non_compliances,action_taken,score_obtained,score_total,score_percent,finding_severity,notice_issued,source_handle,post_url,post_date,media_urls,raw_text
Wacky Wok Cloud Kitchen,"Satya Towers, Kondapur",2026-08-13,Hairnets used by food handlers | No expired raw materials found | FIFO and FEFO practices followed | Fly catchers installed | Veg and non-veg food areas separated,"Inadequate cooling in the freezer, with spoiled vegetables and pest activity observed | No hot-water sanitation of utensils | Freezer found poorly maintained and unhygienic | Synthetic colours found in use and discarded on the spot",The establishment was advised to rectify the deficiencies and maintain required food safety and hygiene standards,60,98,61,Major,No,@CMC_Offcl,https://x.com/CMC_Offcl/status/2087907815885308193,2026-08-13,https://pbs.twimg.com/amplify_video_thumb/2087907241395625985/img/Xe5U7Bhwb-HGEsXK.jpg | https://pbs.twimg.com/amplify_video_thumb/2087907241429229568/img/CykDsJcB1g_S62oO.jpg | https://pbs.twimg.com/media/HPm8uDIawAELgX-?format=jpg&name=small,"Food Safety Inspection | Wacky Wok Cloud Kitchen 
 CMC Food Safety Officers conducted an inspection at Wacky Wok Cloud Kitchen, Satya Towers, Kondapur, to review food safety and hygiene practices. 
 Good practices observed: 
 • Hairnets used by food handlers 
 • No expired raw materials found 
 • FIFO and FEFO practices followed 
 • Fly catchers installed 
 • Veg and non-veg food areas separated 
 Major violations observed: 
 • Inadequate cooling in the freezer, with spoiled vegetables and pest activity observed 
 • No hot-water sanitation of utensils 
 • Freezer found poorly maintained and unhygienic 
 • Synthetic colours found in use and discarded on the spot 
 FoSCoS Score: 60/98 (61%) 
 The establishment was advised to rectify the deficiencies and maintain required food safety and hygiene standards. 
 #TeamCMC #FoodSafety #SafeFood #Cyberabad 
 @jayesh_ranjan 
 @TelanganaCS 
 @TelanganaCMO 
 @IPRTelangana 
 @MC_Cyberabad 
 @ZC_SLP 
 @ZC_Kukatpally1 
 @zcquthbullapur 
 @GummallaSrijana"
Palle Vindhu,Hitech City,2026-08-13,Hairnets and aprons used by food handlers | Water testing and medical fitness certificates maintained | No synthetic colours or Ajinomoto used | FOSTAC supervisors deployed | No stored/stale or expired food observed | Proper pest control practices and records maintained | Regular cleaning schedules followed | Raw materials properly labelled,Uneven wash-area surface causing water accumulation at some points | Drain mesh to be installed,The establishment was advised to address the observed deficiencies and continue maintaining good food safety and hygiene standards,102,110,93,Improvement,No,@CMC_Offcl,https://x.com/CMC_Offcl/status/2087939064779641004,2026-08-13,https://pbs.twimg.com/amplify_video_thumb/2087939029618888704/img/c6v_yr06zXEkaq2L.jpg | https://pbs.twimg.com/amplify_video_thumb/2087939029614596101/img/MDjhSvxGkwPDEtH7.jpg | https://pbs.twimg.com/media/HPnZfDBbIAAvj1z?format=jpg&name=medium | https://pbs.twimg.com/media/HPnZfC-aEAIGai8?format=jpg&name=900x900,"Food Safety Inspection | Palle Vindhu, Hitech City 
 CMC Food Safety Officers conducted an inspection at Palle Vindhu, Hitech City, to review food safety and hygiene practices. 
 Good practices observed: 
 • Hairnets and aprons used by food handlers 
 • Water testing and medical fitness certificates maintained 
 • No synthetic colours or Ajinomoto used 
 • FOSTAC supervisors deployed 
 • No stored/stale or expired food observed 
 • Proper pest control practices and records maintained 
 • Regular cleaning schedules followed 
 • Raw materials properly labelled 
 Areas requiring improvement: 
 • Uneven wash-area surface causing water accumulation at some points 
 • Drain mesh to be installed 
 FoSCoS Score: 102/110 (93%) 
 The establishment was advised to address the observed deficiencies and continue maintaining good food safety and hygiene standards. 
 #TeamCMC #FoodSafety #SafeFood #Cyberabad 
 @jayesh_ranjan 
 @TelanganaCS 
 @TelanganaCMO 
 @IPRTelangana 
 @MC_Cyberabad 
 @ZC_SLP 
 @ZC_Kukatpally1 
 @zcquthbullapur 
 @GummallaSrijana"
Ideal Kitchen,"Beeramguda, Ameenpur",2026-08-13,,"Kitchen found small, congested and not properly cleaned | Semi-prepared batters and chutneys stored close to a brooming stick | Medical, pest control, water testing, food testing and packaging records were not available | Artificial food colours were in use and discarded on the spot | Prepared rice items including sambar rice, lemon rice, pulihora and mudda pappu-avakaya were kept open | Batters were not properly labelled | Open drain and broken flooring in the grinding area causing water stagnation and odour | Exhausts were not cleaned properly","A notice was issued for the observed violations, with directions to rectify the deficiencies and improve food safety and hygiene standards",58,92,63,Non-compliance,Yes,@CMC_Offcl,https://x.com/CMC_Offcl/status/2087940051347046638,2026-08-13,https://pbs.twimg.com/media/HPnaOgBaEAA6ZWt?format=jpg&name=small | https://pbs.twimg.com/media/HPnaSXHa0AApNE4?format=jpg&name=small | https://pbs.twimg.com/media/HPnaUN9bwAAK1nr?format=jpg&name=small | https://pbs.twimg.com/media/HPnaUOAaEAMzU1f?format=jpg&name=small,"Food Safety Inspection | Ideal Kitchen, Beeramguda 
 CMC Food Safety Officers conducted an inspection at Ideal Kitchen, Beeramguda, Ameenpur, to review food safety and hygiene practices. 
 Non-compliances observed: 
 • Kitchen found small, congested and not properly cleaned 
 • Semi-prepared batters and chutneys stored close to a brooming stick 
 • Medical, pest control, water testing, food testing and packaging records were not available 
 • Artificial food colours were in use and discarded on the spot 
 • Prepared rice items including sambar rice, lemon rice, pulihora and mudda pappu-avakaya were kept open 
 • Batters were not properly labelled 
 • Open drain and broken flooring in the grinding area causing water stagnation and odour 
 • Exhausts were not cleaned properly 
 FoSCoS Score: 58/92 (63%) 
 A notice was issued for the observed violations, with directions to rectify the deficiencies and improve food safety and hygiene standards. 
 #TeamCMC #FoodSafety #SafeFood #Cyberabad 
 @jayesh_ranjan 
 @TelanganaCS 
 @TelanganaCMO 
 @IPRTelangana 
 @MC_Cyberabad 
 @ZC_SLP 
 @ZC_Kukatpally1 
 @zcquthbullapur 
 @GummallaSrijana"
Babai Hotel,Madinaguda,2026-08-13,"Pest control, packaging and water testing records were available",Medical records of food handlers and food testing records were not available | Uneven flooring causing water stagnation and odour in the dishwashing area | Semi-prepared foods such as poori and poornam were not labelled | Food waste was not cleared from drains | Exhaust was greasy and required cleaning | Broken flooring observed at some places in the kitchen,"A notice was issued for the observed violations, with directions to rectify the deficiencies and maintain required food safety and hygiene standards",69,98,71,Non-compliance,Yes,@CMC_Offcl,https://x.com/CMC_Offcl/status/2087913124569711052,2026-08-13,https://pbs.twimg.com/media/HPnB5pHaUAA-A7q?format=jpg&name=small | https://pbs.twimg.com/media/HPnB5pBboAAE33S?format=jpg&name=small | https://pbs.twimg.com/media/HPnB5pCacAAm2k0?format=jpg&name=small | https://pbs.twimg.com/media/HPnB5o1bcAAbnCR?format=jpg&name=small,"Food Safety Inspection | Babai Hotel, Madinaguda 
 CMC Food Safety Officers conducted an inspection at Babai Hotel, Madinaguda, to review food safety and hygiene practices. 
 Good practices observed: 
 • Pest control, packaging and water testing records were available. 
 Non-compliances observed: 
 • Medical records of food handlers and food testing records were not available 
 • Uneven flooring causing water stagnation and odour in the dishwashing area 
 • Semi-prepared foods such as poori and poornam were not labelled 
 • Food waste was not cleared from drains 
 • Exhaust was greasy and required cleaning 
 • Broken flooring observed at some places in the kitchen 
 FoSCoS Score: 69/98 (71%) 
 A notice was issued for the observed violations, with directions to rectify the deficiencies and maintain required food safety and hygiene standards. 
 #TeamCMC #FoodSafety #SafeFood #Cyberabad 
 @jayesh_ranjan 
 @TelanganaCS 
 @TelanganaCMO 
 @IPRTelangana 
 @MC_Cyberabad 
 @ZC_SLP 
 @ZC_Kukatpally1 
 @zcquthbullapur 
 @GummallaSrijana"
Varnam,"Genpact Lane, Hafeezpet",2026-08-12,Good personal hygiene maintained by food handlers,"Water stagnation and food waste in drains | Iron knives and no pallets in use | Required medical, food testing, water testing and packaging records not available | Refrigerator not properly cleaned/sorted, with water leakage observed | Semi-prepared and prepared foods not labelled | Dust on ceiling and greasy exhausts | Fungus observed on cauliflower and spoiled cabbage and potatoes not sorted","A notice will be served for the observed violations, with directions to rectify the deficiencies and improve food safety and hygiene practices",61,100,61,Non-compliance,Yes,@CMC_Offcl,https://x.com/CMC_Offcl/status/2087533852659188034,2026-08-12,https://pbs.twimg.com/media/HPhotEVaEAAgFAV?format=jpg&name=small | https://pbs.twimg.com/media/HPhotEiboAArT13?format=jpg&name=small | https://pbs.twimg.com/media/HPhou_jbcAEjyzl?format=jpg&name=small | https://pbs.twimg.com/media/HPhoxKBaMAAITgi?format=jpg&name=small,"Food Safety Inspection | Varnam, Hafeezpet 
 CMC Food Safety Officers conducted an inspection at Varnam, Genpact Lane, Hafeezpet to review food hygiene and safety practices. 
 Good practice observed: 
 • Good personal hygiene maintained by food handlers. 
 Non-compliances observed: 
 • Water stagnation and food waste in drains 
 • Iron knives and no pallets in use 
 • Required medical, food testing, water testing and packaging records not available 
 • Refrigerator not properly cleaned/sorted, with water leakage observed 
 • Semi-prepared and prepared foods not labelled 
 • Dust on ceiling and greasy exhausts 
 • Fungus observed on cauliflower and spoiled cabbage and potatoes not sorted 
 FoSCoS Score: 61/100 (61%) 
 A notice will be served for the observed violations, with directions to rectify the deficiencies and improve food safety and hygiene practices. 
 #TeamCMC #FoodSafety #SafeFood #Cyberabad 
 @jayesh_ranjan 
 @TelanganaCS 
 @TelanganaCMO 
 @IPRTelangana 
 @MC_Cyberabad 
 @ZC_SLP 
 @ZC_Kukatpally1 
 @zcquthbullapur 
 @GummallaSrijana"
Santosh Dhaba 100% Pure Veg Exclusive,"near Miraj Theatre Lane, Miyapur",2026-08-06,,"Semi-prepared food items were not labelled | Food handlers were not using hairnets, aprons and gloves | Exhaust fans and ceiling areas require proper cleaning | No lighting in the store room | Medical, pest control, water & food testing and packaging records were not produced | Broken side-wall tiles observed | Chiller was not maintained properly","A notice will be served for the violations observed, with directions to rectify the deficiencies and improve food safety and hygiene practices",55,96,58,Non-compliance,Yes,@CMC_Offcl,https://x.com/CMC_Offcl/status/2085377978104733961,2026-08-06,https://pbs.twimg.com/media/HPC_9lDbwAExNW0?format=jpg&name=small | https://pbs.twimg.com/media/HPDADwLbsAAkT8E?format=jpg&name=small | https://pbs.twimg.com/media/HPDADv7akAACgbe?format=jpg&name=small | https://pbs.twimg.com/media/HPDADuza0AA6U-S?format=jpg&name=small,"Food Safety Inspection | Santosh Dhaba 
 CMC Food Safety Officers conducted an inspection at Santosh Dhaba 100% Pure Veg Exclusive, near Miraj Theatre Lane, Miyapur, to check food safety and hygiene standards. 
 Key non-compliances observed: 
 • Semi-prepared food items were not labelled 
 • Food handlers were not using hairnets, aprons and gloves 
 • Exhaust fans and ceiling areas require proper cleaning 
 • No lighting in the store room 
 • Medical, pest control, water & food testing and packaging records were not produced 
 • Broken side-wall tiles observed 
 • Chiller was not maintained properly 
 FoSCoS Score: 55/96 (58%) 
 A notice will be served for the violations observed, with directions to rectify the deficiencies and improve food safety and hygiene practices. 
 #TeamCMC #FoodSafety #SafeFood #Cyberabad 
 @jayesh_ranjan 
 @TelanganaCS 
 @TelanganaCMO 
 @IPRTelangana 
 @MC_Cyberabad 
 @ZC_SLP 
 @ZC_Kukatpally1 
 @zcquthbullapur 
 @GummallaSrijana"
Jaaju Kitchen & Bar,Madinaguda,2026-08-06,"Good personal hygiene maintained by food handlers | Pest control, annual medical and water testing records available | Semi-prepared food items properly labelled",Food testing and packaging records not available | Food waste observed in drains and an open drain near the dishwashing area | Damaged gasket in the non-veg chiller requiring replacement | Water clogging in the dishwashing sink | Exhausts near stoves and freezer require proper cleaning,The management was instructed to rectify the observed deficiencies and maintain required food safety and hygiene standards,82,102,80,Improvement,No,@CMC_Offcl,https://x.com/CMC_Offcl/status/2085376554356617605,2026-08-06,https://pbs.twimg.com/media/HPC-2WSbEAAu6Dq?format=jpg&name=small | https://pbs.twimg.com/media/HPC-2V6awAAndI2?format=jpg&name=small | https://pbs.twimg.com/media/HPC-2XAbgAAtLaj?format=jpg&name=small | https://pbs.twimg.com/media/HPC-2V8aYAA-zhN?format=jpg&name=small,"Food Safety Check | Jaaju Kitchen & Bar 
 CMC Food Safety Officers conducted an inspection at Jaaju Kitchen & Bar, Madinaguda, to check food safety, hygiene and compliance standards. 
 Good practices observed: 
 • Good personal hygiene maintained by food handlers 
 • Pest control, annual medical and water testing records available 
 • Semi-prepared food items properly labelled 
 Areas requiring improvement: 
 • Food testing and packaging records not available 
 • Food waste observed in drains and an open drain near the dishwashing area 
 • Damaged gasket in the non-veg chiller requiring replacement 
 • Water clogging in the dishwashing sink 
 • Exhausts near stoves and freezer require proper cleaning 
 FoSCoS Score: 82/102 (80%) 
 The management was instructed to rectify the observed deficiencies and maintain required food safety and hygiene standards. 
 #TeamCMC #FoodSafety #SafeFood #Cyberabad 
 @jayesh_ranjan 
 @TelanganaCS 
 @TelanganaCMO 
 @IPRTelangana 
 @MC_Cyberabad 
 @ZC_SLP 
 @ZC_Kukatpally1 
 @zcquthbullapur 
 @GummallaSrijana"
,,2026-08-03,,,,,,,None,No,@GHMCOnline,https://x.com/GHMCOnline/status/2084529719794675944,2026-08-03,https://pbs.twimg.com/media/HO0TM9BbkAEuulT?format=jpg&name=small | https://pbs.twimg.com/media/HO0TN2KbAAAKxwi?format=jpg&name=small | https://pbs.twimg.com/media/HO0TPDWaIAAGa5q?format=jpg&name=small | https://pbs.twimg.com/media/HO0TP8jbQAAn068?format=jpg&name=small,"Urgent attention required 
 @GHMCOnline 
 @CommissionrGHMC 
 @DcFalaknuma 
 The GHMC drainage manholes are badly damaged, and the entire drainage line is in a deteriorated condition opposite 
 http:// 
 H.No. 19-3-294/19/B, Fatima Nagar, Vattepally. The area also requires complete cleaning as it poses a serious health and safety risk to residents. 
 Kindly depute the concerned officials to inspect the site immediately, repair all damaged manholes, restore the entire drainage line, clean the area thoroughly, and resolve the issue at the earliest. 
 #GHMC #Hyderabad #CivicIssues"
Antera Kitchen & Bar,Madinaguda,2026-07-30,"TPC meter available for monitoring cooking oil quality | Probe thermometer in use | Records of medical fitness, food & water testing, packaging, pest control, calibration and RUCO maintained | Food handlers trained under FoSTaC | Pallets used for proper storage | Meshes fitted to kitchen doors and the non-vegetarian cutting area | Food items properly labelled",Kitchen and store room doors should be fitted with a proper self-closing mechanism | Cleaning frequency behind cooking stoves needs to be increased,An Improvement Notice has been issued to address the identified observations and ensure continued compliance with food safety standards,100,106,94,Improvement,Yes,@CMC_Offcl,https://x.com/CMC_Offcl/status/2082819566594642099,2026-07-30,https://pbs.twimg.com/media/HOepPu7bAAEW1BU?format=jpg&name=small | https://pbs.twimg.com/media/HOepPurbgAAsRla?format=jpg&name=small | https://pbs.twimg.com/media/HOepWNTbkAA8tkv?format=jpg&name=small | https://pbs.twimg.com/media/HOepWNdboAAJqil?format=jpg&name=small,"Food Safety Inspection | Antera Kitchen & Bar 
 Food Safety Officers of CMC conducted an inspection at Antera Kitchen & Bar, Madinaguda, to assess compliance with food safety and hygiene standards. 
 Good practices observed: 
 • TPC meter available for monitoring cooking oil quality. 
 • Probe thermometer in use. 
 • Records of medical fitness, food & water testing, packaging, pest control, calibration and RUCO maintained. 
 • Food handlers trained under FoSTaC. 
 • Pallets used for proper storage. 
 • Meshes fitted to kitchen doors and the non-vegetarian cutting area. 
 • Food items properly labelled. 
 Areas requiring improvement: 
 • Kitchen and store room doors should be fitted with a proper self-closing mechanism. 
 • Cleaning frequency behind cooking stoves needs to be increased. 
 FoSCoS Score: 100/106 (94%) 
 An Improvement Notice has been issued to address the identified observations and ensure continued compliance with food safety standards. 
 #TeamCMC #FoodSafety #SafeFood #Cyberabad 
 @jayesh_ranjan 
 @TelanganaCS 
 @TelanganaCMO 
 @IPRTelangana 
 @MC_Cyberabad 
 @ZC_SLP 
 @ZC_Kukatpally1 
 @zcquthbullapur 
 @GummallaSrijana"
Wow! Momo Foods Pvt,,2026-07-29,Food handlers maintained personal hygiene | FSSAI licence displayed prominently at the premises,,"An Improvement Notice is being issued, directing the Food Business Operator to rectify the deficiencies and ensure compliance with food safety standards",78,116,68,None,Yes,@CMC_Offcl,https://x.com/CMC_Offcl/status/2082298956344885384,2026-07-29,https://pbs.twimg.com/media/HOXPgCsa4AAwiI4?format=jpg&name=small | https://pbs.twimg.com/media/HOXPgCqbkAAAyNU?format=jpg&name=small | https://pbs.twimg.com/media/HOXPgCra0AAToGp?format=jpg&name=small | https://pbs.twimg.com/media/HOXPgClbsAAWAUn?format=jpg&name=small,"Food Safety Inspection | Wow! Momo 
 Yesterday, Food Safety Officers of CMC conducted an inspection at Wow! Momo Foods Pvt. Ltd., GSM Mall, Madinaguda, to assess compliance with food safety and hygiene standards. 
 Good practices observed: 
 • Food handlers maintained personal hygiene. 
 • FSSAI licence displayed prominently at the premises. 
 Major observations: 
 • Cockroach infestation observed in the premises. 
 • Water testing, food testing, packaging testing and medical fitness records were not available. 
 • No hot water provision in the dishwashing area. 
 • Expired sauces and paneer were identified and discarded during the inspection. 
 • Spoiled vegetables and leafy vegetables were discarded. 
 • Onion storage crates required proper cleaning. 
 • Deep cleaning of the flooring was found to be inadequate. 
 FoSCoS Score: 78/116 (68%) 
 An Improvement Notice is being issued, directing the Food Business Operator to rectify the deficiencies and ensure compliance with food safety standards. 
 #TeamCMC #FoodSafety #SafeFood #Cyberabad 
 @jayesh_ranjan 
 @TelanganaCS 
 @TelanganaCMO 
 @IPRTelangana 
 @MC_Cyberabad 
 @ZC_SLP 
 @ZC_Kukatpally1 
 @zcquthbullapur 
 @GummallaSrijana"
Nestham Enterprises (Pista House),RC Puram,2026-07-29,Personal hygiene maintained by food handlers | FSSAI license displayed prominently at the premises,,An Improvement Notice has been issued directing the Food Business Operator to rectify the identified deficiencies and ensure compliance with food safety standards,72,104,70,None,Yes,@CMC_Offcl,https://x.com/CMC_Offcl/status/2082466238123638874,2026-07-29,https://pbs.twimg.com/media/HOZnLkwbgAAN39y?format=jpg&name=small | https://pbs.twimg.com/media/HOZnLkybMAAQr6j?format=jpg&name=small | https://pbs.twimg.com/media/HOZnLkpbUAAl0_4?format=jpg&name=small | https://pbs.twimg.com/media/HOZnLlKb0AA3uj0?format=jpg&name=small,"Food Safety Inspection | Pista House 
 Food Safety Officers of CMC conducted an inspection at Nestham Enterprises (Pista House), RC Puram, to assess compliance with food safety and hygiene standards. 
 Good practices observed: 
 • Personal hygiene maintained by food handlers. 
 • FSSAI license displayed prominently at the premises. 
 Major observations: 
 • Houseflies in the bakery section and fruit flies on stored carrots. 
 • No hot water provision in one of the dishwashing areas. 
 • Kitchen windows kept open. 
 • Food items not labelled with commodity names. 
 • Marinated biryani mix assigned a three-day shelf life without supporting technical evidence. 
 • Drains were not adequately cleaned, with food waste observed. 
 • Medical fitness, pest control, water testing, food testing and packaging records were not available. 
 • Water leakage observed inside the walk-in chiller. 
 • Rusting observed in a refrigerator. 
 FoSCoS Score: 72/104 (70%) 
 An Improvement Notice has been issued directing the Food Business Operator to rectify the identified deficiencies and ensure compliance with food safety standards. 
 #TeamCMC #FoodSafety #SafeFood #Cyberabad 
 @jayesh_ranjan 
 @TelanganaCS 
 @TelanganaCMO 
 @IPRTelangana 
 @MC_Cyberabad 
 @ZC_SLP 
 @ZC_Kukatpally1 
 @zcquthbullapur 
 @GummallaSrijana"
Mandi King,Manikonda,2026-07-29,Food handlers wearing uniforms and hairnets | No stale or expired food items found | Food items in freezers properly labelled | No pest activity observed and pest control records were available,,,82,114,72,None,Yes,@CMC_Offcl,https://x.com/CMC_Offcl/status/2082464400485806197,2026-07-29,https://pbs.twimg.com/amplify_video_thumb/2082464293032001536/img/SoIUyXJ7ftv_DTOK.jpg | https://pbs.twimg.com/amplify_video_thumb/2082464292952227840/img/xmIqWJA97MiFEcFm.jpg | https://pbs.twimg.com/media/HOZmRt8bsAAQgNA?format=jpg&name=small | https://pbs.twimg.com/media/HOZmRuYa0AAi4lr?format=jpg&name=900x900,"Food Safety Inspection | Mandi King 
 Food Safety Officers of CMC conducted an inspection at Mandi King, Manikonda, to assess compliance with food safety and hygiene standards. 
 Good practices observed: 
 • Food handlers wearing uniforms and hairnets. 
 • No stale or expired food items found. 
 • Food items in freezers properly labelled. 
 • No pest activity observed and pest control records were available. 
 Major observations: 
 • Food waste was not being removed regularly. 
 • Cooking oil in deep fryers was found to be dark and greasy. 
 • Water stagnation observed on the kitchen floor. 
 • Exhaust system required thorough cleaning. 
 • Dustbins were kept uncovered. 
 • Medical fitness certificates and water analysis reports were not available. 
 • One freezer was found to be rusted and corroded. 
 • No FoSTaC-trained staff available. 
 • Spices and raw materials were stored in corroded plastic containers. 
 Corrective action taken: 
 • Used cooking oil was discarded during the inspection. 
 • The rusted freezer was removed from the kitchen. 
 • An Improvement Notice is being issued to rectify the identified deficiencies. 
 FoSCoS Score: 82/114 (72%) 
 #TeamCMC #FoodSafety #SafeFood #Cyberabad 
 @jayesh_ranjan 
 @TelanganaCS 
 @TelanganaCMO 
 @IPRTelangana 
 @MC_Cyberabad 
 @ZC_SLP 
 @ZC_Kukatpally1 
 @zcquthbullapur 
 @GummallaSrijana"
Coal Spark,Madhapur,2026-07-29,Food handlers using hairnets and gloves | Water quality testing carried out | Natural colour extracts used in food preparation | FoSTaC-certified supervisors available at the premises | No expired food items or pest activity observed in the kitchen | Regular cleaning schedule maintained | FIFO and FEFO practices followed for food storage,"Water seepage and flaking observed on the store room walls | Pest activity noticed in a steamer kept under maintenance | Hot water sterilisation of utensils was not being followed | Rust observed on freezer racks, requiring corrective action to prevent contamination",An Improvement Notice has been issued directing the Food Business Operator to address the identified observations and ensure compliance with food safety standards,89,106,84,Improvement,Yes,@CMC_Offcl,https://x.com/CMC_Offcl/status/2082455238544412910,2026-07-29,https://pbs.twimg.com/amplify_video_thumb/2082455167149240320/img/0gC5dYHyDGGgy60s.jpg | https://pbs.twimg.com/amplify_video_thumb/2082455167212175360/img/lJvCu1cpTXSEw6Cr.jpg | https://pbs.twimg.com/media/HOZd_hib0AAaCJU?format=jpg&name=small | https://pbs.twimg.com/media/HOZd_haawAAZsl1?format=jpg&name=small,"Food Safety Inspection | Coal Spark 
 Food Safety Officers of CMC conducted an inspection at Coal Spark, Madhapur, to assess compliance with food safety and hygiene standards. 
 Good practices observed: 
 • Food handlers using hairnets and gloves. 
 • Water quality testing carried out. 
 • Natural colour extracts used in food preparation. 
 • FoSTaC-certified supervisors available at the premises. 
 • No expired food items or pest activity observed in the kitchen. 
 • Regular cleaning schedule maintained. 
 • FIFO and FEFO practices followed for food storage. 
 Areas requiring improvement: 
 • Water seepage and flaking observed on the store room walls. 
 • Pest activity noticed in a steamer kept under maintenance. 
 • Hot water sterilisation of utensils was not being followed. 
 • Rust observed on freezer racks, requiring corrective action to prevent contamination. 
 FoSCoS Score: 89/106 (84%) 
 An Improvement Notice has been issued directing the Food Business Operator to address the identified observations and ensure compliance with food safety standards. 
 #TeamCMC #FoodSafety #SafeFood #Cyberabad 
 @jayesh_ranjan 
 @TelanganaCS 
 @TelanganaCMO 
 @IPRTelangana 
 @MC_Cyberabad 
 @ZC_SLP 
 @ZC_Kukatpally1 
 @zcquthbullapur 
 @GummallaSrijana"
,,2026-07-29,,"observed included | Operational without FSSAI licence | Reuse of blackened cooking oil | Housefly infestation, poor sanitation & open",,,,,Major,No,@cfs_telangana,https://x.com/cfs_telangana/status/2082521470102855739,2026-07-29,https://pbs.twimg.com/media/HOaY1pWagAAn_F0?format=jpg&name=small | https://pbs.twimg.com/media/HOaY1pZboAAItiI?format=jpg&name=900x900 | https://pbs.twimg.com/amplify_video_thumb/2082520393609523200/img/cJIZujJp0MXhGrFc.jpg | https://pbs.twimg.com/amplify_video_thumb/2082520663500423169/img/WvRQVBfYQ6-uLARe.jpg,"@cfs_telangana 
 - Acting on a complaint received through the Food Safety Help Desk, Food Safety Officers inspected an unlicensed food establishment at Attapur, Hyderabad. 
 Serious violations observed included: 
 - Operational without FSSAI licence 
 - Reuse of blackened cooking oil 
 - Housefly infestation, poor sanitation & open 
 drainage and unhygienic food preparation 
 - Garbage near food preparation area 
 - No pest control measures 
 - Food handlers without protective gear 
 Action Taken: 
 ~3,000 pani puris, 4 kg samosas and 2 kg of used cooking oil discarded in the interest of public health. 
 - Samples collected for laboratory analysis. 
 - Business operations stopped. 
 - Action under the FSS Act initiated. 
 The Food Safety Department remains committed to protecting public health. Citizens are encouraged to report unsafe food practices through the Food Safety Help Desk @ 9100105795 
 @TelanganaHealth 
 @fssaiindia 
 @fssai 
 #EatRightIndia"
Taaza Kitchen,Madhapur,2026-07-28,"Food handlers using hairnets and gloves | Water quality testing and medical fitness records available | No synthetic colours or ajinomoto used in food preparation | FoSTaC-trained supervisors available | No stale food, expired food items or pest activity observed | Regular cleaning schedule and pest control maintained | Hot water sterilisation of utensils followed | Raw materials properly labelled",,An Improvement Notice has been issued to ensure compliance with the identified observation,87,92,95,None,Yes,@CMC_Offcl,https://x.com/CMC_Offcl/status/2082104374579638556,2026-07-28,https://pbs.twimg.com/amplify_video_thumb/2082104299686076416/img/TvRF00a0D693ALMl.jpg | https://pbs.twimg.com/media/HOUe1D2aoAAU8Oa?format=jpg&name=small | https://pbs.twimg.com/media/HOUe1EEbAAA4HSj?format=jpg&name=small | https://pbs.twimg.com/media/HOUe4Aea8AAs2Tk?format=jpg&name=small,"Food Safety Inspection | Taaza Kitchen 
 Food Safety Officers of CMC conducted an inspection at Taaza Kitchen, Madhapur, to assess compliance with food safety and hygiene standards. 
 Good practices observed: 
 • Food handlers using hairnets and gloves. 
 • Water quality testing and medical fitness records available. 
 • No synthetic colours or ajinomoto used in food preparation. 
 • FoSTaC-trained supervisors available. 
 • No stale food, expired food items or pest activity observed. 
 • Regular cleaning schedule and pest control maintained. 
 • Hot water sterilisation of utensils followed. 
 • Raw materials properly labelled. 
 Area requiring improvement: 
 • Drain mesh to be installed. 
 FoSCoS Score: 87/92 (95%) 
 An Improvement Notice has been issued to ensure compliance with the identified observation. 
 #TeamCMC #FoodSafety #SafeFood #Cyberabad 
 @jayesh_ranjan 
 @TelanganaCS 
 @TelanganaCMO 
 @IPRTelangana 
 @MC_Cyberabad 
 @ZC_SLP 
 @ZC_Kukatpally1 
 @zcquthbullapur 
 @GummallaSrijana"
Barbeque Nation,"GSM Mall, Madinaguda",2026-07-28,"Food safety records, including medical fitness certificates, pest control, food testing, water testing and packaging records, were properly maintained | FSSAI licence displayed prominently at the premises | No pest activity observed during the inspection | Probe thermometer used to monitor the internal temperature of cooked food","Deep cleaning of side walls, flooring and corners to be carried out | Cajun sauce without proper labelling was discarded | Wet mats at the non-alcoholic beverage counter to be replaced to prevent foul odour | Maintain records of cooked food temperature monitoring",An Improvement Notice has been issued to ensure compliance with the identified observations,105,116,91,Improvement,Yes,@CMC_Offcl,https://x.com/CMC_Offcl/status/2082105414293115136,2026-07-28,https://pbs.twimg.com/media/HOUf1QlbgAACwhH?format=jpg&name=small | https://pbs.twimg.com/media/HOUf1Q9bQAA1E4q?format=jpg&name=small | https://pbs.twimg.com/media/HOUf1RBaIAAkqlo?format=jpg&name=small | https://pbs.twimg.com/media/HOUf1QWasAAxd6U?format=jpg&name=900x900,"Food Safety Inspection | Barbeque Nation 
 Food Safety Officers of CMC conducted an inspection at Barbeque Nation, GSM Mall, Madinaguda, to assess compliance with food safety and hygiene standards. 
 Good practices observed: 
 • Food safety records, including medical fitness certificates, pest control, food testing, water testing and packaging records, were properly maintained. 
 • FSSAI licence displayed prominently at the premises. 
 • No pest activity observed during the inspection. 
 • Probe thermometer used to monitor the internal temperature of cooked food. 
 Areas requiring improvement: 
 • Deep cleaning of side walls, flooring and corners to be carried out. 
 • Cajun sauce without proper labelling was discarded. 
 • Wet mats at the non-alcoholic beverage counter to be replaced to prevent foul odour. 
 • Maintain records of cooked food temperature monitoring. 
 FoSCoS Score: 105/116 (91%) 
 An Improvement Notice has been issued to ensure compliance with the identified observations. 
 #TeamCMC #FoodSafety #SafeFood #Cyberabad 
 @jayesh_ranjan 
 @TelanganaCS 
 @TelanganaCMO 
 @IPRTelangana 
 @MC_Cyberabad 
 @ZC_SLP 
 @ZC_Kukatpally1 
 @zcquthbullapur 
 @GummallaSrijana"
KFC,"Aparna Neo Mall, Nallagandla",2026-07-27,"FSSAI licence displayed at the premises | Food handlers wearing uniforms and head caps | FIFO followed for raw material storage | Separate storage of vegetarian and non-vegetarian food items | Pest control records, medical fitness certificates and water analysis reports available | Frying oil quality within the stipulated TPC limit | FoSTaC-trained personnel available | Regular internal audits being conducted",TPC meter not available for routine monitoring | Water leakage from chillers onto the floor,An Improvement Notice has been issued to address the observations and ensure continued compliance with food safety standards,106,114,93,Improvement,Yes,@CMC_Offcl,https://x.com/CMC_Offcl/status/2081762427679752405,2026-07-27,https://pbs.twimg.com/media/HOPn1x2bIAE07I4?format=jpg&name=small | https://pbs.twimg.com/media/HOPn4QVasAA2nIX?format=jpg&name=small | https://pbs.twimg.com/media/HOPn4Xqa0AAJvCc?format=jpg&name=small | https://pbs.twimg.com/media/HOPn4YzbsAAcaPt?format=jpg&name=small,"Food Safety Inspection | KFC 
 Food Safety Officers of CMC conducted an inspection at KFC, Aparna Neo Mall, Nallagandla, to assess compliance with food safety and hygiene standards. 
 Good practices observed: 
 • FSSAI licence displayed at the premises. 
 • Food handlers wearing uniforms and head caps. 
 • FIFO followed for raw material storage. 
 • Separate storage of vegetarian and non-vegetarian food items. 
 • Pest control records, medical fitness certificates and water analysis reports available. 
 • Frying oil quality within the stipulated TPC limit. 
 • FoSTaC-trained personnel available. 
 • Regular internal audits being conducted. 
 Areas requiring improvement: 
 • TPC meter not available for routine monitoring. 
 • Water leakage from chillers onto the floor. 
 FoSCoS Score: 106/114 (93%) 
 An Improvement Notice has been issued to address the observations and ensure continued compliance with food safety standards. 
 #TeamCMC #FoodSafety #SafeFood #Cyberabad 
 @jayesh_ranjan 
 @TelanganaCS 
 @TelanganaCMO 
 @IPRTelangana 
 @MC_Cyberabad 
 @ZC_SLP 
 @ZC_Kukatpally1 
 @zcquthbullapur 
 @GummallaSrijana"
Jubilant Food Works (Domino's Pizza),"MGSR Chamber, Gajularamaram",2026-07-27,Food handlers wearing uniforms and head caps | FIFO followed for food storage with proper date labelling | Separate storage of vegetarian and non-vegetarian food items | Rat traps installed and dustbins fitted with automatic closing lids | Medical fitness certificates available for food handlers | FoSTaC-trained personnel available at the premises,FSSAI licence was not displayed at the premises | Pest control and cleaning schedule records were not maintained,An Improvement Notice has been issued to ensure compliance with the identified observations,98,108,91,Improvement,Yes,@CMC_Offcl,https://x.com/CMC_Offcl/status/2081733410608021690,2026-07-27,https://pbs.twimg.com/media/HOPNZVLbgAAQe86?format=jpg&name=small | https://pbs.twimg.com/media/HOPNZU9bUAAIBhg?format=jpg&name=small | https://pbs.twimg.com/media/HOPNZVOagAAKakk?format=jpg&name=small | https://pbs.twimg.com/media/HOPNZVcbAAAjoZ2?format=jpg&name=small,"Food Safety Inspection | Domino's Pizza 
 Food Safety Officers of CMC conducted an inspection at Jubilant Food Works (Domino's Pizza), MGSR Chamber, Gajularamaram, to assess compliance with food safety and hygiene standards. 
 Good practices observed: 
 • Food handlers wearing uniforms and head caps. 
 • FIFO followed for food storage with proper date labelling. 
 • Separate storage of vegetarian and non-vegetarian food items. 
 • Rat traps installed and dustbins fitted with automatic closing lids. 
 • Medical fitness certificates available for food handlers. 
 • FoSTaC-trained personnel available at the premises. 
 Areas requiring improvement: 
 • FSSAI licence was not displayed at the premises. 
 • Pest control and cleaning schedule records were not maintained. 
 FoSCoS Score: 98/108 (91%) 
 An Improvement Notice has been issued to ensure compliance with the identified observations. 
 #TeamCMC #FoodSafety #SafeFood #Cyberabad 
 @jayesh_ranjan 
 @TelanganaCS 
 @TelanganaCMO 
 @IPRTelangana 
 @MC_Cyberabad 
 @ZC_SLP 
 @ZC_Kukatpally1 
 @zcquthbullapur 
 @GummallaSrijana"
BigBasket Warehouse,,2026-07-21,"FSSAI licence displayed at the premises | Pest control records maintained | FIFO (First In, First Out) system followed",Food handlers were not wearing gloves and hair nets | Non-food articles were stored alongside food items at certain locations | Medical fitness records of food handlers were not available | Onion and ginger-garlic storage area was found untidy,"An Improvement Notice has been issued, directing the establishment to rectify the deficiencies and strengthen food safety practices",68,74,92,Improvement,Yes,@CMC_Offcl,https://x.com/CMC_Offcl/status/2079544704069517607,2026-07-21,https://pbs.twimg.com/amplify_video_thumb/2079544603968217088/img/UFYYtRBxNHYlgIEc.jpg | https://pbs.twimg.com/media/HNwGzKNaYAAp6zd?format=jpg&name=small | https://pbs.twimg.com/media/HNwGzKLbsAAsUBR?format=jpg&name=medium,"Food Safety Inspection | BigBasket Warehouse 
 A routine Food Safety Inspection was conducted at BigBasket Warehouse (Innovative Retail Concepts Pvt. Ltd.), Jaya Bheri, Kompally, 
 to assess compliance with food safety and hygiene standards. 
 Good Practices Observed: 
 • FSSAI licence displayed at the premises 
 • Pest control records maintained 
 • FIFO (First In, First Out) system followed 
 Areas Requiring Improvement: 
 • Food handlers were not wearing gloves and hair nets 
 • Non-food articles were stored alongside food items at certain locations 
 • Medical fitness records of food handlers were not available 
 • Onion and ginger-garlic storage area was found untidy 
 Action Taken: 
 An Improvement Notice has been issued, directing the establishment to rectify the deficiencies and strengthen food safety practices. 
 Hygiene Assessment: 68/74 (92%) 
 Safe Food. Better Hygiene. Healthier Cyberabad. 
 #FoodSafety #SafeFood #TeamCMC #Cyberabad #FoodHygiene 
 @jayesh_ranjan 
 @TelanganaCS 
 @TelanganaCMO 
 @IPRTelangana 
 @MC_Cyberabad 
 @ZC_SLP 
 @ZC_Kukatpally1 
 @zcquthbullapur 
 @GummallaSrijana"
Friends Factory (Babai Hotel),Manikonda,2026-07-18,Food handlers found wearing hairnets and gloves | No synthetic colours used | No stale food observed | No expired food items found,Broken kitchen flooring and tiles | Water stagnation observed in the kitchen and drains | Cleaning not carried out at regular intervals | Presence of rodents observed | Foul odour in the utensil washing area | Greasy chimneys with oil leakage | Uncovered dustbins | Medical fitness certificates and water analysis reports not available,Improvement Notice issued directing the establishment to rectify the observed deficiencies and comply with food safety norms,71,114,62,Non-compliance,Yes,@CMC_Offcl,https://x.com/CMC_Offcl/status/2078487033488748784,2026-07-18,https://pbs.twimg.com/media/HNhE3HKa8AActDV?format=jpg&name=small | https://pbs.twimg.com/amplify_video_thumb/2078486941654528000/img/t1iJVM9-9jXK8Hg3.jpg | https://pbs.twimg.com/amplify_video_thumb/2078486941662937088/img/8PU9SrbPvCFKTzGv.jpg | https://pbs.twimg.com/amplify_video_thumb/2078486941667147776/img/gRGrPIvDrz6uDwQN.jpg,"Food Safety Inspection Drive 
 Establishment: Friends Factory (Babai Hotel) 
 Near Ashritha Meadows, Manikonda 
 18.07.2026 
 As part of routine food safety inspections across Cyberabad, CMC Food Safety teams inspected Friends Factory (Babai Hotel), Manikonda. 
 Good Practices Observed 
 • Food handlers found wearing hairnets and gloves 
 • No synthetic colours used 
 • No stale food observed 
 • No expired food items found 
 Violations Observed 
 • Broken kitchen flooring and tiles 
 • Water stagnation observed in the kitchen and drains 
 • Cleaning not carried out at regular intervals 
 • Presence of rodents observed 
 • Foul odour in the utensil washing area 
 • Greasy chimneys with oil leakage 
 • Uncovered dustbins 
 • Medical fitness certificates and water analysis reports not available 
 Action Taken 
 • Improvement Notice issued directing the establishment to rectify the observed deficiencies and comply with food safety norms. 
 Hygiene Assessment 
 71/114 Marks (62%) 
 Safe Food. Better Hygiene. Healthier Cyberabad. 
 #FoodSafety #TeamCMC #Cyberabad 
 @jayesh_ranjan 
 @TelanganaCS 
 @TelanganaCMO 
 @IPRTelangana 
 @MC_Cyberabad 
 @ZC_SLP 
 @ZC_Kukatpally1 
 @zcquthbullapur 
 @GummallaSrijana"
Domino's Pizza,,2026-07-18,"Food handlers wearing uniforms and headcaps | Proper labelling of opened food items with use-by dates | Separate storage of veg. and non-veg. items | FIFO & FEFO systems followed | Medical records, pest control and cleaning logs maintained | FoSTaC-trained personnel available","Expired FSSAI license copy displayed (license renewed, old copy not replaced) | Water stagnation observed in parts of the kitchen | Free drinking water facility for customers not provided",An Improvement Notice has been recommended to address the observed deficiencies,104,112,93,Observation,Yes,@CMC_Offcl,https://x.com/CMC_Offcl/status/2078479883198730499,2026-07-18,https://pbs.twimg.com/media/HNg5YilakAAhZWr?format=jpg&name=small | https://pbs.twimg.com/media/HNg5YiibUAAxesJ?format=jpg&name=small | https://pbs.twimg.com/media/HNg5YidawAAuvfJ?format=jpg&name=small | https://pbs.twimg.com/media/HNg5YihaUAAGUUG?format=jpg&name=900x900,"Food Safety Inspection | Domino's Pizza 
 A Food Safety inspection was conducted  at 
 Domino's Pizza, IDPL X Road, Chintal, 
 to assess compliance with food safety standards. 
 Good practices observed: 
 • Food handlers wearing uniforms and headcaps 
 • Proper labelling of opened food items with use-by dates 
 • Separate storage of veg. and non-veg. items 
 • FIFO & FEFO systems followed 
 • Medical records, pest control and cleaning logs maintained 
 • FoSTaC-trained personnel available 
 Observations: 
 • Expired FSSAI license copy displayed (license renewed, old copy not replaced) 
 • Water stagnation observed in parts of the kitchen 
 • Free drinking water facility for customers not provided 
 FoSCoS Score: 104/112 (93%) 
 An Improvement Notice has been recommended to address the observed deficiencies. 
 #FoodSafety #SafeFood #TeamCMC"
Kanchi Cafe Restaurant (Ameya Heritage Foods),"food handling, storage, and food safety compliance",2026-07-16,Food handlers were using hairnets and gloves | Water testing carried out and reports available | No synthetic colours used | No stale or stored food observed | No visible pest infestation or expired food items | Cleaning schedule maintained | Internal audit system in place | Raw materials stored on pallets in the store room | Kitchen chimneys maintained in satisfactory condition,Corroded chopping boards found in the kitchen and instructed to be replaced immediately | Medical fitness certificates of food handlers not maintained | Approximately 2 kg of idly batter found without proper labelling and discarded on the spot,,106,114,92,Non-compliance,No,@CMC_Offcl,https://x.com/CMC_Offcl/status/2077757146473926692,2026-07-16,https://pbs.twimg.com/media/HNWtAxwasAEeZo5?format=jpg&name=small | https://pbs.twimg.com/media/HNWtAx1acAAtDjc?format=jpg&name=small | https://pbs.twimg.com/media/HNWtAx2asAAOdTD?format=jpg&name=small | https://pbs.twimg.com/media/HNWtAxzboAAHtsk?format=jpg&name=900x900,"Food Safety Inspection | Kanchi Cafe Restaurant 
 Restaurant: Kanchi Cafe Restaurant (Ameya Heritage Foods) 
 Nallagandla 
 16.07.2026 
 CMC Food Safety teams inspected Kanchi Cafe Restaurant and reviewed hygiene, food handling, storage, and food safety compliance. 
 Good Practices Observed 
 • Food handlers were using hairnets and gloves 
 • Water testing carried out and reports available 
 • No synthetic colours used 
 • No stale or stored food observed 
 • No visible pest infestation or expired food items 
 • Cleaning schedule maintained 
 • Internal audit system in place 
 • Raw materials stored on pallets in the store room 
 • Kitchen chimneys maintained in satisfactory condition 
 Violations Observed 
 • Corroded chopping boards found in the kitchen and instructed to be replaced immediately 
 • Medical fitness certificates of food handlers not maintained 
 • Approximately 2 kg of idly batter found without proper labelling and discarded on the spot 
 FoSCoS Score 
 106/114 Marks (92%) 
 Food safety inspections and compliance monitoring continue across Cyberabad. 
 #FoodSafety #FoodInspection #SafeFood #FoodSafetyFirst #TeamCMC #Cyberabad 
 @jayesh_ranjan 
 @TelanganaCS 
 @TelanganaCMO 
 @IPRTelangana 
 @MC_Cyberabad 
 @ZC_SLP 
 @ZC_Kukatpally1 
 @zcquthbullapur 
 @GummallaSrijana"
Itihas Restaurant,"food handling, storage, and compliance practices",2026-07-16,"Food handlers were using hairnets and gloves | Water testing reports and medical fitness certificates were available | No synthetic colours or ajinomoto found in use | FoSTaC-trained supervisors deployed | No stale or stored food observed | No visible pest infestation or expired food items | Cleaning schedule maintained | Meat sourced from licensed vendors with proper records | Proper segregation of vegetarian, non-vegetarian, and raw food items",Drain traps to be installed | Periodic random food testing recommended,,97,104,94,Observation,No,@CMC_Offcl,https://x.com/CMC_Offcl/status/2077741711137325292,2026-07-16,https://pbs.twimg.com/amplify_video_thumb/2077741541146419200/img/tRh4V7lEOQyZuwyi.jpg | https://pbs.twimg.com/amplify_video_thumb/2077741541108613120/img/Kkh8QtNu9DH8SY7c.jpg | https://pbs.twimg.com/media/HNWe7FyawAEakrt?format=jpg&name=small | https://pbs.twimg.com/media/HNWe7F1bgAAotfC?format=jpg&name=small,"Food Safety Inspection | Itihas Restaurant 
 Restaurant: Itihas Restaurant 
 KPHB, Near Nexus Mall 
 16.07.2026 
 CMC Food Safety teams inspected Itihas Restaurant and reviewed hygiene, food handling, storage, and compliance practices. 
 Good Practices Observed 
 • Food handlers were using hairnets and gloves 
 • Water testing reports and medical fitness certificates were available 
 • No synthetic colours or ajinomoto found in use 
 • FoSTaC-trained supervisors deployed 
 • No stale or stored food observed 
 • No visible pest infestation or expired food items 
 • Cleaning schedule maintained 
 • Meat sourced from licensed vendors with proper records 
 • Proper segregation of vegetarian, non-vegetarian, and raw food items 
 Observations 
 • Drain traps to be installed 
 • Periodic random food testing recommended 
 FoSCoS Score 
 97/104 Marks (94%) 
 Safe Food. Better Hygiene. Healthier Cyberabad. 
 #FoodSafety #FoodInspection #SafeFood #FoodSafetyFirst #TeamCMC #Cyberabad 
 @jayesh_ranjan 
 @TelanganaCS 
 @TelanganaCMO 
 @IPRTelangana 
 @MC_Cyberabad 
 @ZC_SLP 
 @ZC_Kukatpally1 
 @zcquthbullapur 
 @GummallaSrijana"
Sri Ram Dairy Foods and reviewed hygiene,"storage, food handling, and compliance practices",2026-07-15,Food handlers found wearing hairnets,"FSSAI License not displayed at the premises | FIFO system not followed | Temperature not properly maintained in the cold room, with foul smell observed | Pest control records and medical fitness certificates unavailable | Inadequate cleaning of machinery | Food testing reports unavailable | Food waste not removed on time, leading to flies in the surrounding area | Proper documents for purchased raw cream unavailable",Ghee samples lifted for testing | Show-cause notice issued,45,98,46,Non-compliance,No,@CMC_Offcl,https://x.com/CMC_Offcl/status/2077406352281051533,2026-07-15,https://pbs.twimg.com/media/HNRtdPCaAAAatIi?format=jpg&name=900x900 | https://pbs.twimg.com/media/HNRtdPQboAAhtEF?format=jpg&name=900x900 | https://pbs.twimg.com/media/HNRtdPFbQAAeRnd?format=jpg&name=900x900 | https://pbs.twimg.com/media/HNRtiQYbcAArakt?format=jpg&name=900x900,"Food Safety Inspection | Sri Ram Dairy Foods 
 Jeedimetla 
 15.07.2026 
 CMC Food Safety teams inspected Sri Ram Dairy Foods and reviewed hygiene, storage, food handling, and compliance practices. 
 Good Practice Observed 
 • Food handlers found wearing hairnets 
 Violations Observed 
 • FSSAI License not displayed at the premises 
 • FIFO system not followed 
 • Temperature not properly maintained in the cold room, with foul smell observed 
 • Pest control records and medical fitness certificates unavailable 
 • Inadequate cleaning of machinery 
 • Food testing reports unavailable 
 • Food waste not removed on time, leading to flies in the surrounding area 
 • Proper documents for purchased raw cream unavailable 
 Action Taken 
 • Ghee samples lifted for testing 
 • Show-cause notice issued 
 FoSCoS Score: 45/98 (46%) 
 Food safety inspections and compliance monitoring continue across Cyberabad. 
 #FoodSafety #FoodInspection #SafeFood #TeamCMC #Cyberabad 
 @jayesh_ranjan 
 @TelanganaCS 
 @TelanganaCMO 
 @IPRTelangana 
 @MC_Cyberabad 
 @ZC_SLP 
 @ZC_Kukatpally1 
 @zcquthbullapur 
 @GummallaSrijana"
Zepto Limited,Kompally,2026-07-13,"Food handlers found wearing hairnets and gloves | Proper segregation of food and non-food items maintained | Valid FSSAI Licence displayed at the premises | FIFO system followed while dispensing food products | Required temperatures maintained in the cold room, freezer, and chiller | Pest control and daily cleaning records maintained | Valid medical fitness certificates available for all food handlers | 22 employees completed FoSTaC training | Internal audit records maintained",,Oil samples were lifted for laboratory testing,194,198,98,None,No,@CMC_Offcl,https://x.com/CMC_Offcl/status/2076664644601860358,2026-07-13,https://pbs.twimg.com/amplify_video_thumb/2076664521373192192/img/qo8nQSaaOqorqgem.jpg | https://pbs.twimg.com/amplify_video_thumb/2076664521373147136/img/uHZ00TvxyJ1D7_SE.jpg | https://pbs.twimg.com/amplify_video_thumb/2076664521385750528/img/zNBgcVbnSUR_eo3L.jpg | https://pbs.twimg.com/media/HNHLYSkakAIiUJT?format=jpg&name=900x900,"Food Safety Inspection Drive 
 Establishment: Zepto Limited 
 Kompally 
 13.07.2026 
 As part of routine food safety inspections across Cyberabad, CMC Food Safety teams inspected Zepto Limited, Kompally. 
 Good Practices Observed 
 • Food handlers found wearing hairnets and gloves 
 • Proper segregation of food and non-food items maintained 
 • Valid FSSAI Licence displayed at the premises 
 • FIFO system followed while dispensing food products 
 • Required temperatures maintained in the cold room, freezer, and chiller 
 • Pest control and daily cleaning records maintained 
 • Valid medical fitness certificates available for all food handlers 
 • 22 employees completed FoSTaC training 
 • Internal audit records maintained 
 Action Taken 
 • Oil samples were lifted for laboratory testing. 
 Hygiene Assessment 
 194/198 Marks (98%) 
 Safe Food. Better Hygiene. Healthier Cyberabad. 
 #FoodSafety #FoodInspection #SafeFood #FoodSafetyFirst #TeamCMC #Cyberabad 
 @jayesh_ranjan 
 @TelanganaCS 
 @TelanganaCMO 
 @IPRTelangana 
 @MC_Cyberabad 
 @ZC_SLP 
 @ZC_Kukatpally1 
 @zcquthbullapur 
 @GummallaSrijana"
KS Bakers Private Limited,,2026-07-10,"Ready-to-sell and raw food items were properly covered and labelled with preparation and use-by dates | Food handlers were wearing uniforms and hairnets | Vegetarian and non-vegetarian food items stored separately with proper labelling | Dustbins fitted with automatic closing lids | Medical fitness certificates, pest control records, water testing reports, and cleaning schedule records were available | FIFO and FEFO practices followed for stored food items | FSSAI Licence and Trade Licence displayed at the premises",FSSAI licence for transportation vehicles was not available during inspection | Food-grade certificates for packaging materials and internal audit reports were not maintained at the premises,The Food Business Operator (FBO) has been instructed to rectify the identified deficiencies,105,110,96,Observation,No,@CMC_Offcl,https://x.com/CMC_Offcl/status/2075569565497745610,2026-07-10,https://pbs.twimg.com/media/HM3li9qaIAAMX4R?format=jpg&name=small | https://pbs.twimg.com/media/HM3li9kboAEFdMf?format=jpg&name=small | https://pbs.twimg.com/media/HM3li9lagAA35gU?format=jpg&name=small | https://pbs.twimg.com/media/HM3ndMZaEAAmx8f?format=jpg&name=small,"Food Safety Inspection Drive 
 Establishment: KS Bakers Private Limited 
 Chintal 
 10.07.2026 
 As part of routine food safety inspections across Cyberabad, CMC Food Safety teams inspected KS Bakers Private Limited. 
 Good Practices 
 • Ready-to-sell and raw food items were properly covered and labelled with preparation and use-by dates 
 • Food handlers were wearing uniforms and hairnets 
 • Vegetarian and non-vegetarian food items stored separately with proper labelling 
 • Dustbins fitted with automatic closing lids 
 • Medical fitness certificates, pest control records, water testing reports, and cleaning schedule records were available 
 • FIFO and FEFO practices followed for stored food items 
 • FSSAI Licence and Trade Licence displayed at the premises 
 Key Observations 
 • FSSAI licence for transportation vehicles was not available during inspection 
 • Food-grade certificates for packaging materials and internal audit reports were not maintained at the premises 
 Action Taken 
 • The Food Business Operator (FBO) has been instructed to rectify the identified deficiencies. 
 Hygiene Assessment 
 105/110 Marks (96%) 
 Safe Food. Better Hygiene. Healthier Cyberabad. 
 #FoodSafety #FoodInspection #SafeFood #FoodSafetyFirst #TeamCMC #Cyberabad 
 @jayesh_ranjan 
 @TelanganaCS 
 @TelanganaCMO 
 @IPRTelangana 
 @CMC_Offcl 
 @ZC_SLP 
 @ZC_Kukatpally1 
 @zcquthbullapur 
 @GummallaSrijana"
California Burrito,"GSM Mall, Madinaguda",2026-07-10,No visible pest infestation observed | Food handlers maintained good personal hygiene | Thermometers were being used for temperature monitoring of food,"Sprouted potatoes found in the kitchen and discarded on the spot | Food testing reports, packaging records, medical fitness certificates of food handlers, water testing reports, and pest control records were not available during inspection",Sprouted potatoes were discarded immediately | The Food Business Operator (FBO) has been instructed to maintain all mandatory records and rectify the identified deficiencies,93,110,85,Observation,No,@CMC_Offcl,https://x.com/CMC_Offcl/status/2075649902701633540,2026-07-10,https://pbs.twimg.com/media/HM4wXmgaIAAwopR?format=jpg&name=small | https://pbs.twimg.com/media/HM4wXmYaQAArZSA?format=jpg&name=small | https://pbs.twimg.com/media/HM4wXmZbQAEv56u?format=jpg&name=small | https://pbs.twimg.com/media/HM4wXp3a4AETEaE?format=jpg&name=small,"Food Safety Inspection Drive 
 Establishment: California Burrito 
 GSM Mall, Madinaguda 
 10.07.2026 
 As part of routine food safety inspections across Cyberabad, CMC Food Safety teams inspected California Burrito. 
 Good Practices 
 • No visible pest infestation observed 
 • Food handlers maintained good personal hygiene 
 • Thermometers were being used for temperature monitoring of food 
 Key Observations 
 • Sprouted potatoes found in the kitchen and discarded on the spot 
 • Food testing reports, packaging records, medical fitness certificates of food handlers, water testing reports, and pest control records were not available during inspection 
 Action Taken 
 • Sprouted potatoes were discarded immediately. 
 • The Food Business Operator (FBO) has been instructed to maintain all mandatory records and rectify the identified deficiencies. 
 Hygiene Assessment 
 93/110 Marks (85%) 
 Safe Food. Better Hygiene. Healthier Cyberabad. 
 #FoodSafety #FoodInspection #SafeFood #FoodSafetyFirst #TeamCMC #Cyberabad 
 @jayesh_ranjan 
 @TelanganaCS 
 @TelanganaCMO 
 @IPRTelangana 
 @CMC_Offcl 
 @ZC_SLP 
 @ZC_Kukatpally1 
 @zcquthbullapur 
 @GummallaSrijana"
Zepto,Narsingi,2026-07-09,,"Racks, crates, flooring, walls, and ceiling found unclean with visible dirt accumulation | Pest-o-Flash unit not properly positioned in the fruits and vegetables section, posing a potential physical contamination risk | Food bags stored without pallets | Food waste observed on racks, crates, and the floor | Food and non-food items not properly segregated | FSSAI licence not displayed at a prominent location | Air curtains found in an unclean condition","Improvement Notice to be issued | The Food Business Operator (FBO) was instructed to temporarily stop accepting orders, undertake complete cleaning and rectification, and resume operations only after ensuring compliance with food safety standards",30,60,50,Observation,Yes,@CMC_Offcl,https://x.com/CMC_Offcl/status/2075223363019309126,2026-07-09,https://pbs.twimg.com/media/HMysmd4boAAVnaN?format=jpg&name=small | https://pbs.twimg.com/amplify_video_thumb/2075223305142116352/img/j4GL-AkaXqinTZrC.jpg | https://pbs.twimg.com/media/HMysmdsboAIYYrZ?format=jpg&name=small | https://pbs.twimg.com/media/HMysmd0b0AEDy9M?format=jpg&name=small,"Food Safety Inspection Drive 
 Establishment: Zepto 
 Narsingi 
 09.07.2026 
 As part of routine food safety inspections across Cyberabad, CMC Food Safety teams inspected Zepto, Narsingi. 
 Key Observations 
 • Racks, crates, flooring, walls, and ceiling found unclean with visible dirt accumulation 
 • Pest-o-Flash unit not properly positioned in the fruits and vegetables section, posing a potential physical contamination risk 
 • Food bags stored without pallets 
 • Food waste observed on racks, crates, and the floor 
 • Food and non-food items not properly segregated 
 • FSSAI licence not displayed at a prominent location 
 • Air curtains found in an unclean condition 
 Action Taken 
 • Improvement Notice to be issued. 
 • The Food Business Operator (FBO) was instructed to temporarily stop accepting orders, undertake complete cleaning and rectification, and resume operations only after ensuring compliance with food safety standards. 
 Hygiene Assessment 
 30/60 Marks (50%) 
 Safe Food. Better Hygiene. Healthier Cyberabad. 
 #FoodSafety #FoodInspection #SafeFood #FoodSafetyFirst #TeamCMC #Cyberabad 
 @jayesh_ranjan 
 @TelanganaCS 
 @TelanganaCMO 
 @IPRTelangana 
 @MC_Cyberabad 
 @HiHyderabad 
 @ZC_SLP 
 @ZC_Kukatpally1 
 @zcquthbullapur 
 @GummallaSrijana"
KFC,Alkapuri Township,2026-07-09,"No visible pest infestation; pest control records available | Medical fitness certificates of food handlers, packaging records, and water testing reports were available | Cooking oil quality monitored regularly through TPC testing | Food handlers maintained good personal hygiene",Water stagnation and foul odour observed in the wash area | Four packs of cut lettuce found to be not fresh and discarded on the spot,"Freshness-compromised lettuce was discarded immediately | Improvement Notice will be issued, and the Food Business Operator (FBO) has been instructed to rectify the identified deficiencies",108,116,94,Observation,Yes,@CMC_Offcl,https://x.com/CMC_Offcl/status/2075229696070148180,2026-07-09,https://pbs.twimg.com/media/HMyyZAdbgAAbJiT?format=jpg&name=small | https://pbs.twimg.com/media/HMyyZBVakAANpsK?format=jpg&name=900x900 | https://pbs.twimg.com/media/HMyyZAWasAAoj-S?format=jpg&name=small | https://pbs.twimg.com/media/HMyyZAYasAAmRde?format=jpg&name=small,"Food Safety Inspection Drive 
 Establishment: KFC 
 Alkapuri Township, Manikonda 
 09.07.2026 
 As part of routine food safety inspections across Cyberabad, CMC Food Safety teams inspected KFC, Alkapuri Township. 
 Good Practices 
 • No visible pest infestation; pest control records available 
 • Medical fitness certificates of food handlers, packaging records, and water testing reports were available 
 • Cooking oil quality monitored regularly through TPC testing 
 • Food handlers maintained good personal hygiene 
 Key Observations 
 • Water stagnation and foul odour observed in the wash area 
 • Four packs of cut lettuce found to be not fresh and discarded on the spot 
 Action Taken 
 • Freshness-compromised lettuce was discarded immediately. 
 • Improvement Notice will be issued, and the Food Business Operator (FBO) has been instructed to rectify the identified deficiencies. 
 Hygiene Assessment 
 108/116 Marks (94%) 
 Safe Food. Better Hygiene. Healthier Cyberabad. 
 #FoodSafety #FoodInspection #SafeFood #FoodSafetyFirst #TeamCMC #Cyberabad 
 @jayesh_ranjan 
 @TelanganaCS 
 @TelanganaCMO 
 @IPRTelangana 
 @MC_Cyberabad 
 @HiHyderabad 
 @ZC_SLP 
 @ZC_Kukatpally1 
 @zcquthbullapur 
 @GummallaSrijana"
Fire Water Neo Bar & Kitchen,,2026-07-09,No visible pest infestation observed and pest control records were available,"Several prepared food items were assigned a shelf life of 2–5 days without any technical or laboratory evidence to support it | Raw crabs, boneless chicken legs, prawns, chicken wings, baby corn packs and other food items were found without labels and discarded on the spot | One pack of expired mushrooms found during inspection | Water used for cooking and preparation of crushed ice for beverages had not been tested | Medical fitness certificates of food handlers and packaging records were not available | Vegetarian and non-vegetarian food items stored together in the chiller | Food commodity names not mentioned on stored food items | Eggs found without proper cleaning before storage","Unlabelled food items and expired mushrooms were discarded on the spot | Improvement Notice will be issued, and the Food Business Operator (FBO) has been instructed to immediately rectify all identified deficiencies",71,108,66,Observation,Yes,@CMC_Offcl,https://x.com/CMC_Offcl/status/2075228861194011044,2026-07-09,https://pbs.twimg.com/media/HMyxmWUaQAAGzzU?format=jpg&name=small | https://pbs.twimg.com/media/HMyxoFvaIAAGxf_?format=jpg&name=small | https://pbs.twimg.com/media/HMyxoFibcAE1_fY?format=jpg&name=small | https://pbs.twimg.com/media/HMyxoF2a0AA9-d_?format=jpg&name=small,"Food Safety Inspection Drive 
 Establishment: Fire Water Neo Bar & Kitchen 
 Financial District, Nanakramguda 
 09.07.2026 
 As part of routine food safety inspections across Cyberabad, CMC Food Safety teams inspected Fire Water Neo Bar & Kitchen. 
 Good Practice 
 • No visible pest infestation observed and pest control records were available. 
 Key Observations 
 • Several prepared food items were assigned a shelf life of 2–5 days without any technical or laboratory evidence to support it 
 • Raw crabs, boneless chicken legs, prawns, chicken wings, baby corn packs and other food items were found without labels and discarded on the spot 
 • One pack of expired mushrooms found during inspection 
 • Water used for cooking and preparation of crushed ice for beverages had not been tested 
 • Medical fitness certificates of food handlers and packaging records were not available 
 • Vegetarian and non-vegetarian food items stored together in the chiller 
 • Food commodity names not mentioned on stored food items 
 • Eggs found without proper cleaning before storage 
 Action Taken 
 • Unlabelled food items and expired mushrooms were discarded on the spot. 
 • Improvement Notice will be issued, and the Food Business Operator (FBO) has been instructed to immediately rectify all identified deficiencies. 
 Hygiene Assessment 
 71/108 Marks (66%) 
 Safe Food. Better Hygiene. Healthier Cyberabad. 
 #FoodSafety #FoodInspection #SafeFood #FoodSafetyFirst #TeamCMC #Cyberabad 
 @jayesh_ranjan 
 @TelanganaCS 
 @TelanganaCMO 
 @IPRTelangana 
 @CMC_Offcl 
 @HiHyderabad 
 @ZC_SLP 
 @ZC_Kukatpally1 
 @zcquthbullapur 
 @GummallaSrijana"
Burger King,Puppalaguda,2026-07-09,No visible pest infestation; pest control records available | Medical fitness certificates of food handlers and water testing reports were available | Cooking oil quality monitored regularly through TPC testing | Food handlers maintained good personal hygiene,Oil leakage observed from kitchen equipment | Crates used for storage were not cleaned properly | Food testing reports and packaging records were not available,"Improvement Notice will be issued, and the Food Business Operator (FBO) has been instructed to rectify the identified deficiencies and ensure compliance with food safety standards",106,114,93,Observation,Yes,@CMC_Offcl,https://x.com/CMC_Offcl/status/2075230699578155153,2026-07-09,https://pbs.twimg.com/media/HMyzTvJbgAANZGE?format=jpg&name=small | https://pbs.twimg.com/media/HMyzTw1b0AAG9nD?format=jpg&name=small | https://pbs.twimg.com/media/HMyzTvQbMAA_MX_?format=jpg&name=small | https://pbs.twimg.com/media/HMyzTu8akAAAXJr?format=jpg&name=small,"Food Safety Inspection Drive 
 Establishment: Burger King 
 Puppalaguda 
 09.07.2026 
 As part of routine food safety inspections across Cyberabad, CMC Food Safety teams inspected Burger King, Puppalaguda. 
 Good Practices 
 • No visible pest infestation; pest control records available 
 • Medical fitness certificates of food handlers and water testing reports were available 
 • Cooking oil quality monitored regularly through TPC testing 
 • Food handlers maintained good personal hygiene 
 Key Observations 
 • Oil leakage observed from kitchen equipment 
 • Crates used for storage were not cleaned properly 
 • Food testing reports and packaging records were not available 
 Action Taken 
 • Improvement Notice will be issued, and the Food Business Operator (FBO) has been instructed to rectify the identified deficiencies and ensure compliance with food safety standards. 
 Hygiene Assessment 
 106/114 Marks (93%) 
 Safe Food. Better Hygiene. Healthier Cyberabad. 
 #FoodSafety #FoodInspection #SafeFood #FoodSafetyFirst #TeamCMC #Cyberabad 
 @jayesh_ranjan 
 @TelanganaCS 
 @TelanganaCMO 
 @IPRTelangana 
 @MC_Cyberabad 
 @HiHyderabad 
 @ZC_SLP 
 @ZC_Kukatpally1 
 @zcquthbullapur 
 @GummallaSrijana"
Alsaba Restaurant,Gachibowli,2026-07-09,No synthetic food colours found in use | Food handlers were using hairnets,"Meat not stored under proper conditions in the freezer | Improper wash area with water stagnation; unhygienic worker washrooms and fly movement observed | No hot water sanitisation of utensils | Rumali roti prepared adjacent to unclean washrooms with fly infestation | Slaughtering area found unhygienic, with no separate containers for leftover chicken | Water testing reports and medical fitness certificates of food handlers were not available",Action has been initiated to suspend the FSSAI licence | The restaurant has been directed to remain closed until all identified violations are rectified and compliance with food safety standards is verified,69,150,46,Observation,No,@CMC_Offcl,https://x.com/CMC_Offcl/status/2075227665779535881,2026-07-09,https://pbs.twimg.com/amplify_video_thumb/2075227566139662336/img/9l3gje2DT0l9Dnjg.jpg | https://pbs.twimg.com/amplify_video_thumb/2075227566382972928/img/11Vcb-SP9X4ul16x.jpg | https://pbs.twimg.com/amplify_video_thumb/2075227566265470976/img/dzU3TnrkLiLM5shD.jpg | https://pbs.twimg.com/media/HMywgGkbwAAAJCg?format=jpg&name=small,"Food Safety Inspection Drive 
 Establishment: Alsaba Restaurant 
 Gachibowli 
 09.07.2026 
 As part of routine food safety inspections across Cyberabad, CMC Food Safety teams inspected Alsaba Restaurant. 
 Good Practices 
 • No synthetic food colours found in use 
 • Food handlers were using hairnets 
 Key Observations 
 • Meat not stored under proper conditions in the freezer 
 • Improper wash area with water stagnation; unhygienic worker washrooms and fly movement observed 
 • No hot water sanitisation of utensils 
 • Rumali roti prepared adjacent to unclean washrooms with fly infestation 
 • Slaughtering area found unhygienic, with no separate containers for leftover chicken 
 • Water testing reports and medical fitness certificates of food handlers were not available 
 Action Initiated 
 • Action has been initiated to suspend the FSSAI licence. 
 • The restaurant has been directed to remain closed until all identified violations are rectified and compliance with food safety standards is verified. 
 Hygiene Assessment 
 69/150 Marks (46%) 
 Safe Food. Better Hygiene. Healthier Cyberabad. 
 #FoodSafety #FoodInspection #SafeFood #FoodSafetyFirst #TeamCMC #Cyberabad 
 @jayesh_ranjan 
 @TelanganaCS 
 @TelanganaCMO 
 @IPRTelangana 
 @CMC_Offcl 
 @HiHyderabad 
 @ZC_SLP 
 @ZC_Kukatpally1 
 @zcquthbullapur 
 @GummallaSrijana"
The Wine Dine Kitchen & Bar,,2026-07-08,Hot water sanitization of utensils being followed | No stale food found during inspection,Rat droppings found in the dal storage area and store room | Medical fitness certificates of food handlers were not available | Expired mushrooms (expired on 02.07.2026 and 07.07.2026) found during inspection | FIFO and FEFO practices were not being followed | Rusting observed inside the freezer | Improper segregation of vegetarian and non-vegetarian food items,Expired food items were discarded on the spot | The Food Business Operator (FBO) was instructed to rectify all deficiencies immediately and ensure compliance with food safety standards. Further action will be taken as per the Food Safety and Standards Act,45,98,46,Observation,No,@CMC_Offcl,https://x.com/CMC_Offcl/status/2074841381588382058,2026-07-08,https://pbs.twimg.com/media/HMtRFTKb0AAUdOm?format=jpg&name=small | https://pbs.twimg.com/amplify_video_thumb/2074841228676657152/img/HWyhI7qSJekzni7X.jpg | https://pbs.twimg.com/media/HMtRIuaaYAAUUAM?format=jpg&name=small | https://pbs.twimg.com/amplify_video_thumb/2074841263682297856/img/PsVb6y2XVmdQxRjH.jpg,"Food Safety Inspection Drive 
 Establishment: The Wine Dine Kitchen & Bar 
 Near Rainbow Vistas 
 08.07.2026 
 As part of routine food safety inspections across Cyberabad, CMC Food Safety teams inspected The Wine Dine Kitchen & Bar. 
 Good Practices 
 • Hot water sanitization of utensils being followed 
 • No stale food found during inspection 
 Key Observations 
 • Rat droppings found in the dal storage area and store room 
 • Medical fitness certificates of food handlers were not available 
 • Expired mushrooms (expired on 02.07.2026 and 07.07.2026) found during inspection 
 • FIFO and FEFO practices were not being followed 
 • Rusting observed inside the freezer 
 • Improper segregation of vegetarian and non-vegetarian food items 
 Action Taken 
 • Expired food items were discarded on the spot. 
 • The Food Business Operator (FBO) was instructed to rectify all deficiencies immediately and ensure compliance with food safety standards. Further action will be taken as per the Food Safety and Standards Act. 
 Hygiene Assessment 
 45/98 Marks (46%) 
 Safe Food. Better Hygiene. Healthier Cyberabad. 
 #FoodSafety #FoodInspection #SafeFood #FoodSafetyFirst #TeamCMC #Cyberabad 
 @jayesh_ranjan 
 @TelanganaCS 
 @TelanganaCMO 
 @IPRTelangana 
 @CMC_Offcl 
 @HiHyderabad 
 @ZC_SLP 
 @ZC_Kukatpally1 
 @zcquthbullapur 
 @GummallaSrijana"
Siddique Khabab Centre,"Near BJP Office, Kukatpally",2026-07-08,No synthetic food colours found in use | Food handlers were using hairnets,Meat not stored under proper conditions in the freezer | Improper wash area with water stagnation; unhygienic worker washrooms and fly movement observed | No hot water sanitisation of utensils | Inadequate space for storage of raw materials | Dustbins found overflowing and kept open,"The Food Business Operator (FBO) was instructed to rectify the identified deficiencies immediately, and an Improvement Notice will be issued",46,82,57,Observation,Yes,@CMC_Offcl,https://x.com/CMC_Offcl/status/2074877729535922415,2026-07-08,https://pbs.twimg.com/media/HMtyLLdbcAAQDSX?format=jpg&name=small | https://pbs.twimg.com/amplify_video_thumb/2074877653384065024/img/P00F-cDiVzNE0Mnm.jpg | https://pbs.twimg.com/media/HMtyO4jasAAWniS?format=jpg&name=small | https://pbs.twimg.com/media/HMtyO4caUAAvjAA?format=jpg&name=small,"Food Safety Inspection Drive 
 Establishment: Siddique Khabab Centre 
 Near BJP Office, Kukatpally 
 08.07.2026 
 As part of routine food safety inspections across Cyberabad, CMC Food Safety teams inspected Siddique Khabab Centre. 
 Good Practices 
 • No synthetic food colours found in use 
 • Food handlers were using hairnets 
 Key Observations 
 • Meat not stored under proper conditions in the freezer 
 • Improper wash area with water stagnation; unhygienic worker washrooms and fly movement observed 
 • No hot water sanitisation of utensils 
 • Inadequate space for storage of raw materials 
 • Dustbins found overflowing and kept open 
 Action Taken 
 • The Food Business Operator (FBO) was instructed to rectify the identified deficiencies immediately, and an Improvement Notice will be issued. 
 Hygiene Assessment 
 46/82 Marks (57%) 
 Safe Food. Better Hygiene. Healthier Cyberabad. 
 #FoodSafety #FoodInspection #SafeFood #FoodSafetyFirst #TeamCMC #Cyberabad 
 @jayesh_ranjan 
 @TelanganaCS 
 @TelanganaCMO 
 @IPRTelangana 
 @CMC_Offcl 
 @HiHyderabad 
 @ZC_SLP 
 @ZC_Kukatpally1 
 @zcquthbullapur 
 @GummallaSrijana"
Shree Dwaraka Grand (Trade Name on Zomato),a cloud kitchen operating under Reddy Catering Services,2026-07-08,No stale food found during inspection,"Operating with an expired FSSAI license, while online orders were still being facilitated | Expired butter and chana dal found during inspection | 4–5 cats found inside the kitchen premises | Cockroach infestation observed | Heavy fly infestation in the kitchen | Kitchen flooring found to be in poor condition | No hot water sanitization of utensils | Water testing reports not available",Expired food items were discarded on the spot | A notice has been issued to the Food Business Operator (FBO) directing closure of the premises until all deficiencies are rectified and food safety standards are complied with,28,94,30,Observation,Yes,@CMC_Offcl,https://x.com/CMC_Offcl/status/2074854277097681124,2026-07-08,https://pbs.twimg.com/media/HMtcoftbgAA732_?format=jpg&name=small | https://pbs.twimg.com/amplify_video_thumb/2074853929427546112/img/ElC4cGUOZrGvwm_o.jpg | https://pbs.twimg.com/amplify_video_thumb/2074853953549033472/img/s_NMsK3Gx5r55Ig_.jpg | https://pbs.twimg.com/amplify_video_thumb/2074854216359968768/img/QaWH1_kgv3JtziM0.jpg,"Food Safety Inspection Drive 
 Establishment: Shree Dwaraka Grand (Trade Name on Zomato) 
 Firm: Reddy Catering Services (Cloud Kitchen) 
 Bagh Ameer 
 08.07.2026 
 As part of routine food safety inspections across Cyberabad, CMC Food Safety teams inspected Shree Dwaraka Grand, a cloud kitchen operating under Reddy Catering Services. 
 Good Practice 
 • No stale food found during inspection 
 Key Observations 
 • Operating with an expired FSSAI license, while online orders were still being facilitated 
 • Expired butter and chana dal found during inspection 
 • 4–5 cats found inside the kitchen premises 
 • Cockroach infestation observed 
 • Heavy fly infestation in the kitchen 
 • Kitchen flooring found to be in poor condition 
 • No hot water sanitization of utensils 
 • Water testing reports not available 
 Action Taken 
 • Expired food items were discarded on the spot. 
 • A notice has been issued to the Food Business Operator (FBO) directing closure of the premises until all deficiencies are rectified and food safety standards are complied with. 
 Hygiene Assessment 
 28/94 Marks (30%) 
 Safe Food. Better Hygiene. Healthier Cyberabad. 
 #FoodSafety #FoodInspection #CloudKitchen #SafeFood #FoodSafetyFirst #TeamCMC #Cyberabad 
 @jayesh_ranjan 
 @TelanganaCS 
 @TelanganaCMO 
 @IPRTelangana 
 @CMC_Offcl 
 @HiHyderabad 
 @ZC_SLP 
 @ZC_Kukatpally1m 
 @zcquthbullapur 
 @GummallaSrijana"
Arabian Mandi,,2026-07-08,Hot water sanitisation of utensils being followed | No stale food found during inspection | Clean and well-maintained kitchen flooring | Well-organised store room | No visible pest infestation observed | Procurement records for chicken and mutton maintained | FIFO and FEFO practices being followed,Synthetic food colours found in use and discarded immediately | Water testing reports and medical fitness certificates of food handlers were not available,Synthetic food colours were discarded on the spot | The Food Business Operator (FBO) has been instructed to obtain the required records and ensure full compliance with food safety standards,83,96,87,Observation,No,@CMC_Offcl,https://x.com/CMC_Offcl/status/2074850750031626414,2026-07-08,https://pbs.twimg.com/media/HMtZu9MbkAANWL6?format=jpg&name=small | https://pbs.twimg.com/media/HMtZu9KbwAA7MlQ?format=jpg&name=small | https://pbs.twimg.com/media/HMtZu9FaEAAc86k?format=jpg&name=small | https://pbs.twimg.com/media/HMtZu9JacAAMNlg?format=jpg&name=small,"Food Safety Inspection Drive 
 Establishment: Arabian Mandi 
 Near Moosapet Metro Pillar No. 873 
 08.07.2026 
 As part of routine food safety inspections across Cyberabad, CMC Food Safety teams inspected Arabian Mandi. 
 Good Practices 
 • Hot water sanitisation of utensils being followed 
 • No stale food found during inspection 
 • Clean and well-maintained kitchen flooring 
 • Well-organised store room 
 • No visible pest infestation observed 
 • Procurement records for chicken and mutton maintained 
 • FIFO and FEFO practices being followed 
 Key Observations 
 • Synthetic food colours found in use and discarded immediately 
 • Water testing reports and medical fitness certificates of food handlers were not available 
 Action Taken 
 • Synthetic food colours were discarded on the spot. 
 • The Food Business Operator (FBO) has been instructed to obtain the required records and ensure full compliance with food safety standards. 
 Hygiene Assessment 
 83/96 Marks (87%) 
 Safe Food. Better Hygiene. Healthier Cyberabad. 
 #FoodSafety #FoodInspection #SafeFood #FoodSafetyFirst #TeamCMC #Cyberabad"
,,2026-07-08,,detected during inspection,,,,,Major,No,@cfs_telangana,https://x.com/cfs_telangana/status/2074872827006853282,2026-07-08,https://pbs.twimg.com/media/HMtpgZCbQAAlnGP?format=jpg&name=small | https://pbs.twimg.com/media/HMtpgZCaEAAwyah?format=jpg&name=small | https://pbs.twimg.com/media/HMtp5j2bsAAnE5N?format=jpg&name=small,"FOOD SAFETY ALERT 
 @CFS_Telangana 
 - In the interest of public health, Telangana Food Safety Dept raided 2 dairy units in Sangareddy on 7th and 8th July 2026. 
 Key violations include: 
 Misbranded dairy products (Keston Curd,  Divya 
 Curds) 
 Misleading claims/ ad (Keston Paneer) 
 Expired laboratory reagents and chemicals being 
 used for food testing purposes. 
 Poor hygiene and sanitation 
 Inadequate record maintenance and traceability 
 Improper storage and food safety practices 
 Pest infestation and structural deficiencies 
 Action taken: 
 Licenses of M/s. Saraswathi Dairy Products India 
 Pvt. Ltd., and Divya Enterprises, Sangareddy were 
 suspended following 
 serious violations detected during inspection. 
 3,800 kg cream worth ₹9.22 lakh seized 
 Samples of Milk, Curd and Paneer were collected 
 for laboratory analysis. 
 The Food Safety Department remains committed to ensuring that only safe, hygienic and correctly labelled food reaches consumers. 
 @TelanganaHealth 
 @fssaiindia 
 @fssai 
 #EatRightIndia 
 @Collector_SRD"
Reliance Retail Limited Store,,2026-07-07,Food handlers maintained good personal hygiene | Pest control records and FoSTaC training certificates were available | FSSAI licence prominently displayed | Cold storage maintained for milk and dairy products,"Improper segregation of disposable products and sale stock | Expired Cuppa Oats (14 boxes), Blue Bird Veg Jelly Crystals (1 packet) and Fortune Sona Masoori Rice (6 bags of 10 kg each) found during inspection | Store room not maintained properly; FIFO not followed | Drinks and other products stored without pallets | Pest-infested Suji (Upma Rava) found in the store room | Raw ingredient storage found poorly maintained | Rice, suji, pulses, spices and millets kept in open bins without lids, posing a risk of contamination",Expired food items and pest-infested Suji were seized during the inspection | Improvement Notice will be issued and corrective measures have been instructed,128,165,78,Observation,Yes,@CMC_Offcl,https://x.com/CMC_Offcl/status/2074492444234899650,2026-07-07,https://pbs.twimg.com/amplify_video_thumb/2074491858974363648/img/oxzkbYeZ2-XQIAGj.jpg | https://pbs.twimg.com/media/HMoTWhhbMAAWTDB?format=jpg&name=small | https://pbs.twimg.com/amplify_video_thumb/2074492157910724608/img/BqMcvlSF3NxdWnKH.jpg | https://pbs.twimg.com/amplify_video_thumb/2074492331655565312/img/JqJaFtbGexYgY8Ng.jpg,"Food Safety Inspection Drive 
 Establishment: Reliance Retail Limited Store 
 Kompally 
 07.07.2026 
 As part of routine food safety inspections across Cyberabad, CMC Food Safety teams inspected Reliance Retail Limited Store. 
 Good Practices 
 • Food handlers maintained good personal hygiene 
 • Pest control records and FoSTaC training certificates were available 
 • FSSAI licence prominently displayed 
 • Cold storage maintained for milk and dairy products 
 Key Observations 
 • Improper segregation of disposable products and sale stock 
 • Expired Cuppa Oats (14 boxes), Blue Bird Veg Jelly Crystals (1 packet) and Fortune Sona Masoori Rice (6 bags of 10 kg each) found during inspection 
 • Store room not maintained properly; FIFO not followed 
 • Drinks and other products stored without pallets 
 • Pest-infested Suji (Upma Rava) found in the store room 
 • Raw ingredient storage found poorly maintained 
 • Rice, suji, pulses, spices and millets kept in open bins without lids, posing a risk of contamination 
 Action Taken 
 • Expired food items and pest-infested Suji were seized during the inspection. 
 • Improvement Notice will be issued and corrective measures have been instructed. 
 Hygiene Assessment 
 128/165 Marks (78%) 
 Safe Food. Better Hygiene. Healthier Cyberabad. 
 #FoodSafety #FoodInspection #SafeFood #FoodSafetyFirst #TeamCMC #Cyberabad 
 @jayesh_ranjan 
 @TelanganaCS 
 @TelanganaCMO 
 @IPRTelangana 
 @CMC_Offcl 
 @HiHyderabad 
 @ZC_SLP 
 @ZC_Kukatpally1 
 @zcquthbullapur 
 @GummallaSrijana"
Roast 24×7,"Telecom Nagar, Gachibowli",2026-07-06,Hot water sanitisation of utensils being followed | Regular cleaning schedule maintained | Proper segregation of vegetarian and non-vegetarian food | FoSTaC-trained Food Safety Supervisors available | Periodic private food safety audits conducted | Medical fitness tests of food handlers available | Dedicated raw material grading area maintained | No visible pest infestation observed,Maintenance of one freezer door required | Periodic cooking oil quality checks to be strengthened,The FBO was instructed to rectify the minor observations and continue maintaining high food safety standards,100,106,95,Minor,No,@CMC_Offcl,https://x.com/CMC_Offcl/status/2074144973113463221,2026-07-06,https://pbs.twimg.com/media/HMjX1EpbsAAbHov?format=jpg&name=small | https://pbs.twimg.com/media/HMjX1EkbAAA9kyG?format=jpg&name=small | https://pbs.twimg.com/media/HMjX1E2aUAAlLmG?format=jpg&name=small | https://pbs.twimg.com/media/HMjX1EmasAAnbZS?format=jpg&name=small,"Food Safety Inspection Drive 
 Establishment: Roast 24×7 
 Telecom Nagar, Gachibowli 
 06.07.2026 
 As part of routine food safety inspections across Cyberabad, CMC Food Safety teams inspected Roast 24×7. 
 Good Practices 
 • Hot water sanitisation of utensils being followed 
 • Regular cleaning schedule maintained 
 • Proper segregation of vegetarian and non-vegetarian food 
 • FoSTaC-trained Food Safety Supervisors available 
 • Periodic private food safety audits conducted 
 • Medical fitness tests of food handlers available 
 • Dedicated raw material grading area maintained 
 • No visible pest infestation observed 
 Minor Observations 
 • Maintenance of one freezer door required 
 • Periodic cooking oil quality checks to be strengthened 
 Action Taken 
 • The FBO was instructed to rectify the minor observations and continue maintaining high food safety standards. 
 Hygiene Assessment 
 100/106 Marks (95%) 
 Safe Food. Better Hygiene. Healthier Cyberabad. 
 #FoodSafety #FoodInspection #SafeFood 
 #FoodSafetyFirst #TeamCMC #Cyberabad 
 @jayesh_ranjan 
 @TelanganaCS 
 @TelanganaCMO 
 @IPRTelangana 
 @CMC_Offcl 
 @HiHyderabad 
 @ZC_SLP 
 @ZC_Kukatpally1 
 @zcquthbullapurm 
 @GummallaSrijana"
Pista House Fine Dining,Preston Mall,2026-07-06,Hot water sanitisation of utensils being followed | Regular cleaning schedule maintained | Proper segregation of vegetarian and non-vegetarian food | FoSTaC-trained Food Safety Supervisors available | Food-grade packaging material certificates produced | No synthetic food colours in use | Medical fitness certificates of food handlers available,Minor flaking observed at one location; immediate rectification instructed | No separate designated space for expired food products due to inadequate storage area | Water testing reports not available during inspection,FBO instructed to rectify the identified deficiencies and maintain the required food safety standards,98,110,90,Observation,No,@CMC_Offcl,https://x.com/CMC_Offcl/status/2074130116108603392,2026-07-06,https://pbs.twimg.com/media/HMjKRW2bgAApWjM?format=jpg&name=small | https://pbs.twimg.com/media/HMjKRWzbsAAPWvn?format=jpg&name=small | https://pbs.twimg.com/media/HMjKUO3a4AAZAbN?format=jpg&name=small | https://pbs.twimg.com/media/HMjKUO_awAAn1Zm?format=jpg&name=small,"Food Safety Inspection Drive 
 Establishment: Pista House Fine Dining 
 Preston Mall 
 06.07.2026 
 As part of routine food safety inspections across Cyberabad, CMC Food Safety teams inspected Pista House Fine Dining. 
 Good Practices 
 • Hot water sanitisation of utensils being followed 
 • Regular cleaning schedule maintained 
 • Proper segregation of vegetarian and non-vegetarian food 
 • FoSTaC-trained Food Safety Supervisors available 
 • Food-grade packaging material certificates produced 
 • No synthetic food colours in use 
 • Medical fitness certificates of food handlers available 
 Key Observations 
 • Minor flaking observed at one location; immediate rectification instructed 
 • No separate designated space for expired food products due to inadequate storage area 
 • Water testing reports not available during inspection 
 Action Taken 
 • FBO instructed to rectify the identified deficiencies and maintain the required food safety standards. 
 Hygiene Assessment 
 98/110 Marks (90%) 
 Safe Food. Better Hygiene. Healthier Cyberabad. 
 #FoodSafety #FoodInspection #SafeFood #FoodSafetyFirst #TeamCMC #Cyberabad 
 @jayesh_ranjan 
 @TelanganaCS 
 @TelanganaCMO 
 @IPRTelangana 
 @CMC_Offcl 
 @HiHyderabad 
 @ZC_SLP 
 @ZC_Kukatpally1 
 @zcquthbullapur 
 @GummallaSrijana"
KFC,Shilpakala Vedika,2026-07-06,Hot water sanitisation of utensils being followed | Regular cleaning schedule maintained | Proper segregation of vegetarian and non-vegetarian food | FoSTaC-trained Food Safety Supervisors available | Medical fitness certificates of food handlers available | Prepared food discarded within the prescribed time if unsold | Cooking oil quality monitored regularly,Drain near the kitchen required improved cleaning,The outlet was instructed to improve drain maintenance and continue adhering to food safety standards,96,100,96,Minor,No,@CMC_Offcl,https://x.com/CMC_Offcl/status/2074132090027950199,2026-07-06,https://pbs.twimg.com/amplify_video_thumb/2074131776474402816/img/W0gDi9ogK0XFQ7gF.jpg | https://pbs.twimg.com/media/HMjL3IhbUAAvN4v?format=jpg&name=small | https://pbs.twimg.com/media/HMjMA4gacAAiE4r?format=jpg&name=900x900 | https://pbs.twimg.com/media/HMjMCW4bgAAAy9b?format=jpg&name=small,"Food Safety Inspection Drive 
 Establishment: KFC 
 Shilpakala Vedika 
 06.07.2026 
 As part of routine food safety inspections across Cyberabad, CMC Food Safety teams inspected KFC, Shilpakala Vedika. 
 Good Practices 
 • Hot water sanitisation of utensils being followed 
 • Regular cleaning schedule maintained 
 • Proper segregation of vegetarian and non-vegetarian food 
 • FoSTaC-trained Food Safety Supervisors available 
 • Medical fitness certificates of food handlers available 
 • Prepared food discarded within the prescribed time if unsold 
 • Cooking oil quality monitored regularly 
 Minor Observation 
 • Drain near the kitchen required improved cleaning. 
 Action Taken 
 • The outlet was instructed to improve drain maintenance and continue adhering to food safety standards. 
 Hygiene Assessment 
 96/100 Marks (96%) 
 Safe Food. Better Hygiene. Healthier Cyberabad. 
 #FoodSafety #FoodInspection #SafeFood #FoodSafetyFirst #TeamCMC #Cyberabad 
 @jayesh_ranjan 
 @TelanganaCS 
 @TelanganaCMO 
 @IPRTelangana 
 @CMC_Offcl 
 @HiHyderabad 
 @ZC_SLP 
 @ZC_Kukatpally1 
 @zcquthbullapur 
 @GummallaSrijana"
ITLU Veg Diner Restaurant,,2026-07-06,"Food handlers maintained good personal hygiene | Medical fitness certificates, water testing reports, pest control records, and FoSTaC training certificates were available","No hot water provision for sanitising cooking utensils | Water stagnation on the floor and food waste observed near drains | Employees' clothes kept near the food preparation area | Food containers not properly labelled | Hara Bhara Kebab, Beetroot Tikka, Onion Rings, Hello Gravy, and Sweet Corn found without labels and discarded on the spot | Dust accumulation observed on the store room ceiling | The claim ""The Purest Water on Earth"" on glass water bottles was found to be potentially misleading; the FBO was instructed to discontinue its use",Unlabelled food items discarded on the spot | Improvement Notice to be issued and corrective measures instructed,75,92,82,Observation,Yes,@CMC_Offcl,https://x.com/CMC_Offcl/status/2074125646977196292,2026-07-06,https://pbs.twimg.com/media/HMjGO6-aIAAnwYi?format=jpg&name=small | https://pbs.twimg.com/media/HMjGO58bMAAFIsQ?format=jpg&name=small | https://pbs.twimg.com/media/HMjGQzaa8AAqVHV?format=jpg&name=small | https://pbs.twimg.com/media/HMjGQyJa4AAgZQF?format=jpg&name=small,"Food Safety Inspection Drive 
 Establishment: ITLU Veg Diner Restaurant 
 Nanakramguda, Financial District 
 06.07.2026 
 As part of routine food safety inspections across Cyberabad, CMC Food Safety teams inspected ITLU Veg Diner Restaurant. 
 Good Practices 
 • Food handlers maintained good personal hygiene 
 • Medical fitness certificates, water testing reports, pest control records, and FoSTaC training certificates were available 
 Key Observations 
 • No hot water provision for sanitising cooking utensils 
 • Water stagnation on the floor and food waste observed near drains 
 • Employees' clothes kept near the food preparation area 
 • Food containers not properly labelled 
 • Hara Bhara Kebab, Beetroot Tikka, Onion Rings, Hello Gravy, and Sweet Corn found without labels and discarded on the spot 
 • Dust accumulation observed on the store room ceiling 
 • The claim ""The Purest Water on Earth"" on glass water bottles was found to be potentially misleading; the FBO was instructed to discontinue its use 
 Action Taken 
 • Unlabelled food items discarded on the spot 
 • Improvement Notice to be issued and corrective measures instructed. 
 Hygiene Assessment 
 75/92 Marks (82%) 
 Safe Food. Better Hygiene. Healthier Cyberabad. 
 #FoodSafety #FoodInspection #SafeFood #FoodSafetyFirst #TeamCMC #Cyberabad 
 @jayesh_ranjan 
 @TelanganaCS 
 @TelanganaCMO 
 @IPRTelangana 
 @CMC_Offcl 
 @HiHyderabad 
 @ZC_SLP 
 @ZC_Kukatpally1 
 @zcquthbullapur 
 @GummallaSrijana"
Rebel Foods Pvt. Ltd. (Cloud Kitchen),Kondapur,2026-07-05,No synthetic food colours found in use | Food handlers were using hairnets | Cooking oil quality monitored periodically through TPC testing,Expired curd found during inspection: | 5 packets expired on 05.07.2026 | 6 packets expired on 08.07.2026 | Expired Indian gravy (expired on 04.07.2026) found | Mint chaas prepared using expired curd | Wash area found to be in an unhygienic condition | Medical fitness certificates of food handlers appeared to have been altered and did not reflect actual medical test results,"Expired food items were discarded on the spot | Improvement Notice will be issued, and the Food Business Operator (FBO) has been directed to immediately rectify all identified deficiencies. The authenticity of the medical fitness certificates will also be examined",78,100,78,Observation,Yes,@CMC_Offcl,https://x.com/CMC_Offcl/status/2075383747386716505,2026-07-10,https://pbs.twimg.com/media/HM0-Va0a4AAAlne?format=jpg&name=small | https://pbs.twimg.com/amplify_video_thumb/2075383606621646848/img/Y1dpQqzqx7f8f7PS.jpg | https://pbs.twimg.com/amplify_video_thumb/2075383607078907904/img/Qgxt1FguMZWGuoGE.jpg | https://pbs.twimg.com/amplify_video_thumb/2075383606638510080/img/SsyW2M4JI9ndjme9.jpg,"Food Safety Inspection Drive 
 Establishment: Rebel Foods Pvt. Ltd. (Cloud Kitchen) 
 Brands: Oven Story • Behrouz • Faasos • Sweet Truth • Wendy's • LunchBox 
 Kondapur 
 As part of routine food safety inspections across Cyberabad, CMC Food Safety teams inspected Rebel Foods Pvt. Ltd., operating multiple food brands from a cloud kitchen. 
 Good Practices 
 • No synthetic food colours found in use 
 • Food handlers were using hairnets 
 • Cooking oil quality monitored periodically through TPC testing 
 Key Observations 
 • Expired curd found during inspection: 
 • 5 packets expired on 05.07.2026 
 • 6 packets expired on 08.07.2026 
 • Expired Indian gravy (expired on 04.07.2026) found 
 • Mint chaas prepared using expired curd 
 • Wash area found to be in an unhygienic condition 
 • Medical fitness certificates of food handlers appeared to have been altered and did not reflect actual medical test results 
 Action Taken 
 • Expired food items were discarded on the spot. 
 • Improvement Notice will be issued, and the Food Business Operator (FBO) has been directed to immediately rectify all identified deficiencies. The authenticity of the medical fitness certificates will also be examined. 
 Hygiene Assessment 
 78/100 Marks (78%) 
 Safe Food. Better Hygiene. Healthier Cyberabad. 
 #FoodSafety #FoodInspection #CloudKitchen #SafeFood #FoodSafetyFirst #TeamCMC #Cyberabad 
 @jayesh_ranjan 
 @TelanganaCS 
 @TelanganaCMO 
 @IPRTelangana 
 @MC_Cyberabad 
 @ZC_SLP 
 @ZC_Kukatpally1 
 @zcquthbullapur 
 @GummallaSrijana"
Wah Mandi,Opp. AMB Mall,2026-07-04,Regular pest control with no visible pest infestation | Freezers maintained in clean condition | Limited stock of non-vegetarian items maintained,"Stale and spoiled cooked mandi, boiled eggs, and chicken wings found and discarded on the spot | Inadequate washing area; hot water sanitisation of utensils not followed | Medical fitness certificates and water testing reports not available | Raw and cooked meat stored together; veg and non-veg items not properly segregated | Flaking walls and ceiling observed in the vegetable cutting section",Spoiled food items discarded on the spot | Improvement Notice recommended and corrective measures instructed,61,100,61,Observation,Yes,@CMC_Offcl,https://x.com/CMC_Offcl/status/2073376227956830331,2026-07-04,https://pbs.twimg.com/media/HMYbBsgaEAAJWBo?format=jpg&name=small | https://pbs.twimg.com/media/HMYbBsibMAEbq6-?format=jpg&name=small | https://pbs.twimg.com/amplify_video_thumb/2073375118022324224/img/Yel9D4dCYR3_quVY.jpg | https://pbs.twimg.com/amplify_video_thumb/2073376118749728768/img/9tfjAC7_eUSLpFOF.jpg,"Food Safety Inspection Drive 
 Establishment: Wah Mandi 
 Opp. AMB Mall 
 04.07.2026 
 As part of routine food safety inspections across Cyberabad, CMC Food Safety teams inspected Wah Mandi. 
 Good Practices 
 • Regular pest control with no visible pest infestation 
 • Freezers maintained in clean condition 
 • Limited stock of non-vegetarian items maintained 
 Key Observations 
 • Stale and spoiled cooked mandi, boiled eggs, and chicken wings found and discarded on the spot 
 • Inadequate washing area; hot water sanitisation of utensils not followed 
 • Medical fitness certificates and water testing reports not available 
 • Raw and cooked meat stored together; veg and non-veg items not properly segregated 
 • Flaking walls and ceiling observed in the vegetable cutting section 
 Action Taken 
 • Spoiled food items discarded on the spot 
 • Improvement Notice recommended and corrective measures instructed 
 Hygiene Assessment 
 61/100 Marks (61%) 
 Safe Food. Better Hygiene. Healthier Cyberabad. 
 #FoodSafety #FoodInspection #SafeFood #FoodSafetyFirst #TeamCMC #Cyberabad"
Mandi King – Gachibowli Branch,"Opp. Starbucks, Gachibowli",2026-07-04,"Regular pest control carried out with no visible pest infestation during inspection | Used cooking oil disposed of through an authorized third-party vendor, preventing its reuse in the food chain","Raw and cooked non-vegetarian food stored together without proper covering, posing a risk of cross-contamination | Greasy and unclean exhaust system | Inadequate kitchen workspace, with raw material handling, cutting, and cooking carried out in the same area, resulting in wet and unhygienic floor conditions | Cooking oil found excessively reused for four days, as confirmed by the food handler; discarded on the spot | Improper utensil washing area with no hot water sanitisation | Rusted doors and heavy fly infestation observed",Reused cooking oil discarded immediately | Improvement Notice recommended and corrective measures instructed,56,108,52,Observation,Yes,@CMC_Offcl,https://x.com/CMC_Offcl/status/2073379970140008516,2026-07-04,https://pbs.twimg.com/media/HMYfJrjbAAANFLW?format=jpg&name=small | https://pbs.twimg.com/amplify_video_thumb/2073379079886430208/img/gYyIRUW2a7oOE_ek.jpg | https://pbs.twimg.com/amplify_video_thumb/2073379277077438464/img/GrDN2XIZUSW67bah.jpg | https://pbs.twimg.com/amplify_video_thumb/2073379887243804672/img/gZ-f7o5ckNsJ5czp.jpg,"Food Safety Inspection Drive 
 Establishment: Mandi King – Gachibowli Branch 
 Opp. Starbucks, Gachibowli 
 04.07.2026 
 As part of routine food safety inspections across Cyberabad, CMC Food Safety teams inspected Mandi King – Gachibowli Branch. 
 Good Practices 
 • Regular pest control carried out with no visible pest infestation during inspection 
 • Used cooking oil disposed of through an authorized third-party vendor, preventing its reuse in the food chain 
 Key Observations 
 • Raw and cooked non-vegetarian food stored together without proper covering, posing a risk of cross-contamination 
 • Greasy and unclean exhaust system 
 • Inadequate kitchen workspace, with raw material handling, cutting, and cooking carried out in the same area, resulting in wet and unhygienic floor conditions 
 • Cooking oil found excessively reused for four days, as confirmed by the food handler; discarded on the spot 
 • Improper utensil washing area with no hot water sanitisation 
 • Rusted doors and heavy fly infestation observed 
 Action Taken 
 • Reused cooking oil discarded immediately. 
 • Improvement Notice recommended and corrective measures instructed. 
 Hygiene Assessment 
 56/108 Marks (52%) 
 Safe Food. Better Hygiene. Healthier Cyberabad. 
 #FoodSafety #FoodInspection #SafeFood #FoodSafetyFirst #TeamCMC #Cyberabad 
 @jayesh_ranjan 
 @TelanganaCS 
 @TelanganaCMO 
 @IPRTelangana 
 @CMC_Offcl 
 @HiHyderabad 
 @ZC_SLP 
 @ZC_Kukatpally1 
 @zcquthbullapur 
 @GummallaSrijana"
Kake Di Hatti Pure Veg Restaurant,"Infinity Mall, Madinaguda",2026-07-04,No visible pest infestation observed | Food handlers maintained good personal hygiene,"Medical fitness, pest control, and water testing records not available | Several prepared food items found without labels and discarded on the spot | Boiled vegetables stored uncovered on the floor near the washing area | Open dustbins inside the kitchen | Gaps, corners, and exhaust systems found unclean and greasy | Food waste and water stagnation observed near drains | Raw materials stored in containers without proper labelling | Cauliflower with mould growth found cooked and discarded immediately | Crates used for storing utensils found unclean",Unlabelled prepared food and mould-affected cauliflower discarded on the spot | Improvement Notice recommended and corrective measures instructed,76,106,72,Observation,Yes,@CMC_Offcl,https://x.com/CMC_Offcl/status/2073404557435273710,2026-07-04,https://pbs.twimg.com/media/HMY2WQPaIAEMUB_?format=jpg&name=small | https://pbs.twimg.com/media/HMY2WQebEAAC3uy?format=jpg&name=small | https://pbs.twimg.com/media/HMY2ZWkbMAA8KWx?format=jpg&name=small | https://pbs.twimg.com/media/HMY2bJ2boAAfbMH?format=jpg&name=small,"Food Safety Inspection Drive 
 Establishment: Kake Di Hatti Pure Veg Restaurant 
 Infinity Mall, Madinaguda 
 04.07.2026 
 As part of routine food safety inspections across Cyberabad, CMC Food Safety teams inspected Kake Di Hatti Pure Veg Restaurant. 
 Good Practices 
 • No visible pest infestation observed 
 • Food handlers maintained good personal hygiene 
 Key Observations 
 • Medical fitness, pest control, and water testing records not available 
 • Several prepared food items found without labels and discarded on the spot 
 • Boiled vegetables stored uncovered on the floor near the washing area 
 • Open dustbins inside the kitchen 
 • Gaps, corners, and exhaust systems found unclean and greasy 
 • Food waste and water stagnation observed near drains 
 • Raw materials stored in containers without proper labelling 
 • Cauliflower with mould growth found cooked and discarded immediately 
 • Crates used for storing utensils found unclean 
 Action Taken 
 • Unlabelled prepared food and mould-affected cauliflower discarded on the spot. 
 • Improvement Notice recommended and corrective measures instructed. 
 Hygiene Assessment 
 76/106 Marks (72%) 
 Safe Food. Better Hygiene. Healthier Cyberabad. 
 #FoodSafety #FoodInspection #SafeFood #FoodSafetyFirst #TeamCMC #Cyberabad 
 @jayesh_ranjan 
 @TelanganaCS 
 @TelanganaCMO 
 @IPRTelangana 
 @CMC_Offcl 
 @HiHyderabad 
 @ZC_SLP 
 @ZC_Kukatpally1 
 @zcquthbullapur 
 @GummallaSrijana"
Fire Water Fine Dining,Phoenix Towers,2026-07-04,Hot water sanitisation of utensils being followed | Regular cleaning schedule maintained for the premises,"Cockroach infestation observed in the store area | Rat droppings found in the premises, indicating inadequate cleaning of the store area | Rust formation observed inside the freezer | Raw chicken stored directly in the freezer without proper wrapping | Dustbins kept open inside the kitchen | Medical fitness certificates of the present food handlers not produced during inspection",Improvement Notice recommended and corrective measures instructed,63,102,62,Observation,Yes,@CMC_Offcl,https://x.com/CMC_Offcl/status/2073394397975335406,2026-07-04,https://pbs.twimg.com/amplify_video_thumb/2073394267188531200/img/S-3h5Wtb1iMncrqz.jpg | https://pbs.twimg.com/amplify_video_thumb/2073394295202271232/img/ynztK5qG-heJ0BuN.jpg | https://pbs.twimg.com/amplify_video_thumb/2073394318921101312/img/s-_kqB9v0tzHZzga.jpg | https://pbs.twimg.com/media/HMYtK3_bwAAnz_l?format=jpg&name=900x900,"Food Safety Inspection Drive 
 Establishment: Fire Water Fine Dining 
 Phoenix Towers 
 04.07.2026 
 As part of routine food safety inspections across Cyberabad, CMC Food Safety teams inspected Fire Water Fine Dining. 
 Good Practices 
 • Hot water sanitisation of utensils being followed 
 • Regular cleaning schedule maintained for the premises 
 Key Observations 
 • Cockroach infestation observed in the store area 
 • Rat droppings found in the premises, indicating inadequate cleaning of the store area 
 • Rust formation observed inside the freezer 
 • Raw chicken stored directly in the freezer without proper wrapping 
 • Dustbins kept open inside the kitchen 
 • Medical fitness certificates of the present food handlers not produced during inspection 
 Action Taken 
 • Improvement Notice recommended and corrective measures instructed. 
 Hygiene Assessment 
 63/102 Marks (62%) 
 Safe Food. Better Hygiene. Healthier Cyberabad. 
 #FoodSafety #FoodInspection #SafeFood #FoodSafetyFirst #TeamCMC #Cyberabad 
 @jayesh_ranjan 
 @TelanganaCS 
 @TelanganaCMO 
 @IPRTelangana 
 @CMC_Offcl 
 @HiHyderabad 
 @ZC_SLP 
 @ZC_Kukatpally1 
 @zcquthbullapur 
 @GummallaSrijana"
Am Aha Restaurant,"Infinity Mall, Madinaguda",2026-07-04,No visible pest infestation; pest control records available | Food handlers maintained good personal hygiene,"Raw materials and stored food items not properly labelled | Prawns, salad, and atta balls in the freezer found without labels | Medical fitness certificates and water testing records not available | Eggs not cleaned properly before storage | Containers with raw chicken placed directly on the floor | Chopping boards found in poor condition and instructed to be replaced | Dust accumulation observed in the store room",Improvement Notice recommended and corrective measures instructed,94,110,85,Observation,Yes,@CMC_Offcl,https://x.com/CMC_Offcl/status/2073403198950510719,2026-07-04,https://pbs.twimg.com/media/HMY1LojakAA4jqM?format=jpg&name=small | https://pbs.twimg.com/media/HMY1Loda0AAOEMQ?format=jpg&name=small | https://pbs.twimg.com/media/HMY1LoaaIAAO4CO?format=jpg&name=small | https://pbs.twimg.com/media/HMY1NDwbcAA-M3J?format=jpg&name=small,"Food Safety Inspection Drive 
 Establishment: Am Aha Restaurant 
 Infinity Mall, Madinaguda 
 04.07.2026 
 As part of routine food safety inspections across Cyberabad, CMC Food Safety teams inspected Am Aha Restaurant. 
 Good Practices 
 • No visible pest infestation; pest control records available 
 • Food handlers maintained good personal hygiene 
 Key Observations 
 • Raw materials and stored food items not properly labelled 
 • Prawns, salad, and atta balls in the freezer found without labels 
 • Medical fitness certificates and water testing records not available 
 • Eggs not cleaned properly before storage 
 • Containers with raw chicken placed directly on the floor 
 • Chopping boards found in poor condition and instructed to be replaced 
 • Dust accumulation observed in the store room 
 Action Taken 
 • Improvement Notice recommended and corrective measures instructed. 
 Hygiene Assessment 
 94/110 Marks (85%) 
 Safe Food. Better Hygiene. Healthier Cyberabad. 
 #FoodSafety #FoodInspection #SafeFood #FoodSafetyFirst #TeamCMC #Cyberabad 
 @jayesh_ranjan 
 @TelanganaCS 
 @TelanganaCMO 
 @IPRTelangana 
 @CMC_Offcl 
 @HiHyderabad 
 @ZC_SLP 
 @ZC_Kukatpally1 
 @zcquthbullapur 
 @GummallaSrijana"
Old Trees Cafe (OTS),,2026-07-03,"FSSAI and Trade Licence displayed at the premises | Food handlers using head caps, uniforms, and gloves | Pest control records maintained | Most food items properly covered and labelled | Veg and non-veg food stored separately | FOSTAC-trained supervisor available",Expired sweet sauce and yellow curry paste found and discarded | Medical fitness certificates of food handlers not available | Dustbins found without proper lids | Water analysis report for food preparation not available,Expired food products discarded on the spot | Improvement Notice recommended and corrective measures instructed,90,110,82,Observation,Yes,@CMC_Offcl,https://x.com/CMC_Offcl/status/2073055026931696084,2026-07-03,https://pbs.twimg.com/media/HMT4edBbcAA_jfu?format=jpg&name=small | https://pbs.twimg.com/media/HMT4edEbIAAHLzg?format=jpg&name=small | https://pbs.twimg.com/media/HMT4edQbUAAr-vj?format=jpg&name=small | https://pbs.twimg.com/media/HMT4edJaMAA2EJE?format=jpg&name=small,"Food Safety Inspection Drive 
 Establishment: Old Trees Cafe (OTS) 
 Kandlakoya, Medchal 
 03.07.2026 
 As part of routine food safety inspections across Cyberabad, CMC Food Safety teams inspected Old Trees Cafe (OTS). 
 Good Practices 
 • FSSAI and Trade Licence displayed at the premises 
 • Food handlers using head caps, uniforms, and gloves 
 • Pest control records maintained 
 • Most food items properly covered and labelled 
 • Veg and non-veg food stored separately 
 • FOSTAC-trained supervisor available 
 Key Observations 
 • Expired sweet sauce and yellow curry paste found and discarded 
 • Medical fitness certificates of food handlers not available 
 • Dustbins found without proper lids 
 • Water analysis report for food preparation not available 
 Action Taken 
 • Expired food products discarded on the spot 
 • Improvement Notice recommended and corrective measures instructed. 
 Hygiene Assessment 
 90/110 Marks (82%) 
 Safe Food. Better Hygiene. Healthier Cyberabad. 
 #FoodSafety #FoodInspection #SafeFood #FoodSafetyFirst #TeamCMC #Cyberabad 
 @jayesh_ranjan 
 @TelanganaCS 
 @TelanganaCMO 
 @IPRTelangana 
 @MC_Cyberabad 
 @HiHyderabad 
 @ZC_SLP 
 @ZC_Kukatpally1 
 @zcquthbullapur 
 @GummallaSrijana"
Kwickbox Retail Private Limited (Instamart),,2026-07-03,FSSAI and Trade Licence displayed at the premises | Pest control records maintained | Temperature records for cold rooms and refrigerators maintained,"Expired cheese, yogurt smoothie, and paneer found and discarded | Veg and non-veg food items stored together | Cold room maintained in an untidy and disorganized condition | Medical fitness certificates of food handlers not available | FIFO & FEFO practices not followed properly | No designated area for expired or damaged food products",Expired food products discarded on the spot | Improvement Notice recommended and corrective measures instructed,114,150,76,Observation,Yes,@CMC_Offcl,https://x.com/CMC_Offcl/status/2073045639647433003,2026-07-03,https://pbs.twimg.com/media/HMTv_J2aQAAiTJg?format=jpg&name=small | https://pbs.twimg.com/media/HMTv_J8bEAAqhtn?format=jpg&name=small | https://pbs.twimg.com/media/HMTv_JubQAAAHMy?format=jpg&name=small | https://pbs.twimg.com/media/HMTv_J6b0AAUIMY?format=jpg&name=small,"Food Safety Inspection Drive 
 Establishment: Kwickbox Retail Private Limited (Instamart) 
 Gajularamaram 
 03.07.2026 
 As part of routine food safety inspections across Cyberabad, CMC Food Safety teams inspected Kwickbox Retail Private Limited (Instamart). 
 Good Practices 
 • FSSAI and Trade Licence displayed at the premises 
 • Pest control records maintained 
 • Temperature records for cold rooms and refrigerators maintained 
 Key Observations 
 • Expired cheese, yogurt smoothie, and paneer found and discarded 
 • Veg and non-veg food items stored together 
 • Cold room maintained in an untidy and disorganized condition 
 • Medical fitness certificates of food handlers not available 
 • FIFO & FEFO practices not followed properly 
 • No designated area for expired or damaged food products 
 Action Taken 
 • Expired food products discarded on the spot 
 • Improvement Notice recommended and corrective measures instructed. 
 Hygiene Assessment 
 114/150 Marks (76%) 
 Safe Food. Better Hygiene. Healthier Cyberabad. 
 #FoodSafety #FoodInspection #SafeFood #FoodSafetyFirst #TeamCMC #Cyberabad 
 @jayesh_ranjan 
 @TelanganaCS 
 @TelanganaCMO 
 @IPRTelangana 
 @MC_Cyberabad 
 @HiHyderabad 
 @ZC_SLP 
 @ZC_Kukatpally1 
 @zcquthbullapur 
 @GummallaSrijana"
Baisakhi Family Dhaba,,2026-07-03,,"FSSAI and Trade Licences not displayed at the premises | Expired baby corn and black pepper masala found and discarded | Medical fitness, pest control, and water testing records not maintained | Kitchen open to the outside environment without protective mesh | Open dustbins and un labelled semi-prepared food items | Synthetic food colours used in Chinese food items; discarded on the spot | Dead flies found inside the refrigerator | Rusted iron knives used for food preparation; discarded and replacement with food-grade stainless steel knives instructed","Expired food items, synthetic food colours, and rusted iron knives discarded on the spot | Improvement Notice recommended and corrective measures instructed",70,110,63,Observation,Yes,@CMC_Offcl,https://x.com/CMC_Offcl/status/2073056386682884138,2026-07-03,https://pbs.twimg.com/media/HMT5PkxbUAEAYDf?format=jpg&name=small | https://pbs.twimg.com/media/HMT5VZ7akAAksOX?format=jpg&name=small | https://pbs.twimg.com/media/HMT5VZwaoAAqoP2?format=jpg&name=small | https://pbs.twimg.com/media/HMT5WSiawAAmqXH?format=jpg&name=small,"Food Safety Inspection Drive 
 Establishment: Baisakhi Family Dhaba 
 Kandlakoya, Medchal 
 03.07.2026 
 As part of routine food safety inspections across Cyberabad, CMC Food Safety teams inspected Baisakhi Family Dhaba. 
 Key Observations 
 • FSSAI and Trade Licences not displayed at the premises 
 • Expired baby corn and black pepper masala found and discarded 
 • Medical fitness, pest control, and water testing records not maintained 
 • Kitchen open to the outside environment without protective mesh 
 • Open dustbins and un labelled semi-prepared food items 
 • Synthetic food colours used in Chinese food items; discarded on the spot 
 • Dead flies found inside the refrigerator 
 • Rusted iron knives used for food preparation; discarded and replacement with food-grade stainless steel knives instructed 
 Action Taken 
 • Expired food items, synthetic food colours, and rusted iron knives discarded on the spot 
 • Improvement Notice recommended and corrective measures instructed. 
 Hygiene Assessment 
 70/110 Marks (63%) 
 Safe Food. Better Hygiene. Healthier Cyberabad. 
 #FoodSafety #FoodInspection #SafeFood #FoodSafetyFirst #TeamCMC #Cyberabad 
 @jayesh_ranjan 
 @TelanganaCS 
 @TelanganaCMO 
 @IPRTelangana 
 @MC_Cyberabad 
 @HiHyderabad 
 @ZC_SLP 
 @ZC_Kukatpally1 
 @zcquthbullapur 
 @GummallaSrijana"
Oakridge International School kitchens at Bowrampet (Bachupally) and Khajaguda,,2026-07-02,"Food handlers using hairnets, caps, and protective gear | Medical fitness, pest control, food & water testing records maintained | FOSTAC supervisors present | Proper labelling, pallet storage, and FIFO practices followed | Monthly external food testing conducted | Nutrition information displayed for students and allergen-specific food stored separately",Wet floor and food accumulation in the washing area (Bowrampet) | Water dispensers required replacement | Dust observed in one corner of the cooking area | Eggs required more effective cleaning before use | No hot water provision for cleaning large utensils (Khajaguda),Corrective measures instructed to address the identified observations,102,108,95,Observation,No,@CMC_Offcl,https://x.com/CMC_Offcl/status/2072645260942234078,2026-07-02,https://pbs.twimg.com/media/HMODiPXbcAAWE23?format=jpg&name=small | https://pbs.twimg.com/media/HMODkV_acAEb80-?format=jpg&name=small | https://pbs.twimg.com/amplify_video_thumb/2072644914874380288/img/uvU59oUv0MBPKz-Z.jpg | https://pbs.twimg.com/media/HMODqDibMAApA90?format=jpg&name=small,"Food Safety Inspection Drive | Oakridge International Schools 
 02.07.2026 
 As part of routine food safety inspections across Cyberabad, CMC Food Safety teams inspected Oakridge International School kitchens at Bowrampet (Bachupally) and Khajaguda. 
 Good Practices 
 • Food handlers using hairnets, caps, and protective gear 
 • Medical fitness, pest control, food & water testing records maintained 
 • FOSTAC supervisors present 
 • Proper labelling, pallet storage, and FIFO practices followed 
 • Monthly external food testing conducted 
 • Nutrition information displayed for students and allergen-specific food stored separately 
 Key Observations 
 • Wet floor and food accumulation in the washing area (Bowrampet) 
 • Water dispensers required replacement 
 • Dust observed in one corner of the cooking area 
 • Eggs required more effective cleaning before use 
 • No hot water provision for cleaning large utensils (Khajaguda) 
 Action Taken 
 • Corrective measures instructed to address the identified observations. 
 Hygiene Assessment 
 Bowrampet: 102/108 Marks (95%) 
 Khajaguda: 99/108 Marks (92%) 
 Safe Food. Better Hygiene. Healthier Cyberabad. 
 #FoodSafety #FoodInspection #SafeFood #FoodSafetyFirst #TeamCMC #Cyberabad 
 @jayesh_ranjan 
 @TelanganaCS 
 @TelanganaCMO 
 @IPRTelangana 
 @MC_Cyberabad 
 @HiHyderabad 
 @ZC_SLP 
 @ZC_Kukatpally1 
 @zcquthbullapur 
 @GummallaSrijana"
Sri Vasista Educational Trust (Central Kitchen of Sri Chaitanya Group of Colleges),Madhapur,2026-07-01,Food handlers using hairnets | Raw materials stored on pallets with proper spacing | Food testing reports available | Prepared food covered and raw materials properly labelled | FIFO & FEFO practices followed,Damaged flooring with water stagnation near the kitchen entrance | Open windows and heavy housefly infestation; no fly traps installed | Open dustbins with food spillage | Expired medical fitness certificates of food handlers | Pest control and water testing records not produced | Improper sorting and grading of vegetables | Stray dogs near the kitchen entrance and cat faecal matter in the store area | Potato peeler machine found in unhygienic condition,Improvement Notice recommended and corrective measures instructed,72,108,67,Observation,Yes,@CMC_Offcl,https://x.com/CMC_Offcl/status/2072290692563439771,2026-07-01,https://pbs.twimg.com/media/HMJBT7JboAAH0I3?format=jpg&name=small | https://pbs.twimg.com/media/HMJBT7DagAA4Ma0?format=jpg&name=small | https://pbs.twimg.com/media/HMJBT7BaYAACJ-W?format=jpg&name=small | https://pbs.twimg.com/media/HMJBXdPbgAEhAfu?format=jpg&name=small,"Food Safety Inspection Drive 
 Establishment: Sri Vasista Educational Trust (Central Kitchen of Sri Chaitanya Group of Colleges) 
 Madhapur 
 01.07.2026 
 As part of routine food safety inspections across Cyberabad, CMC Food Safety teams inspected the Central Kitchen of Sri Chaitanya Group of Colleges. 
 Good Practices 
 • Food handlers using hairnets 
 • Raw materials stored on pallets with proper spacing 
 • Food testing reports available 
 • Prepared food covered and raw materials properly labelled 
 • FIFO & FEFO practices followed 
 Key Observations 
 • Damaged flooring with water stagnation near the kitchen entrance 
 • Open windows and heavy housefly infestation; no fly traps installed 
 • Open dustbins with food spillage 
 • Expired medical fitness certificates of food handlers 
 • Pest control and water testing records not produced 
 • Improper sorting and grading of vegetables 
 • Stray dogs near the kitchen entrance and cat faecal matter in the store area 
 • Potato peeler machine found in unhygienic condition 
 Action Taken 
 • Improvement Notice recommended and corrective measures instructed. 
 Hygiene Assessment 
 72/108 Marks (67%) 
 Safe Food. Better Hygiene. Healthier Cyberabad. 
 #FoodSafety #FoodInspection #SafeFood #FoodSafetyFirst #TeamCMC #Cyberabad 
 @jayesh_ranjan 
 @TelanganaCS 
 @TelanganaCMO 
 @IPRTelangana 
 @MC_Cyberabad 
 @HiHyderabad 
 @ZC_SLP 
 @ZC_Kukatpally1 
 @zcquthbullapur 
 @GummallaSrijana"
Narayana Educational Society (Central Kitchen),Madhapur,2026-07-01,"All food handlers wearing hairnets | Medical fitness records maintained | Regular pest control carried out | FOSTAC supervisors present | Raw materials stored on pallets | Milk, curd, and vegetables stored in chillers",Uneven kitchen flooring causing water stagnation | Utensils not sanitized with hot water; health concerns observed among wash area staff | Heavy housefly infestation with no fly traps installed | Open dustbins near the transportation area | Updated water testing reports not available | Machinery not cleaned using hot water | Rust observed in transportation vehicles,Improvement Notice recommended and corrective measures instructed,98,138,71,Observation,Yes,@CMC_Offcl,https://x.com/CMC_Offcl/status/2072359977768063132,2026-07-01,https://pbs.twimg.com/media/HMKAUkxagAI5tYm?format=jpg&name=small | https://pbs.twimg.com/media/HMKAWoua4AAOmAV?format=jpg&name=small | https://pbs.twimg.com/media/HMKAWoyagAAVSJu?format=jpg&name=small | https://pbs.twimg.com/amplify_video_thumb/2072359904925614080/img/e1Ygo-3YT7M-MfHw.jpg,"Food Safety Inspection Drive 
 Establishment: Narayana Educational Society (Central Kitchen) 
 Madhapur 
 01.07.2026 
 As part of routine food safety inspections across Cyberabad, CMC Food Safety teams inspected the Central Kitchen of Narayana Educational Society. 
 Good Practices 
 • All food handlers wearing hairnets 
 • Medical fitness records maintained 
 • Regular pest control carried out 
 • FOSTAC supervisors present 
 • Raw materials stored on pallets 
 • Milk, curd, and vegetables stored in chillers 
 Key Observations 
 • Uneven kitchen flooring causing water stagnation 
 • Utensils not sanitized with hot water; health concerns observed among wash area staff 
 • Heavy housefly infestation with no fly traps installed 
 • Open dustbins near the transportation area 
 • Updated water testing reports not available 
 • Machinery not cleaned using hot water 
 • Rust observed in transportation vehicles 
 Action Taken 
 • Improvement Notice recommended and corrective measures instructed. 
 Hygiene Assessment 
 98/138 Marks (71%) 
 Safe Food. Better Hygiene. Healthier Cyberabad. 
 #FoodSafety #FoodInspection #SafeFood #FoodSafetyFirst #TeamCMC #Cyberabad 
 @jayesh_ranjan 
 @TelanganaCS 
 @TelanganaCMO 
 @IPRTelangana 
 @MC_Cyberabad 
 @HiHyderabad 
 @ZC_SLP 
 @ZC_Kukatpally1 
 @zcquthbullapur 
 @GummallaSrijana"
The Gaudium School,,2026-06-30,Food handlers using aprons and hairnets | Regular food and water testing through external laboratories | Proper labelling of all food items and raw materials | FIFO & FEFO practices followed | Medical fitness records maintained | FOSTAC supervisors present | Fly traps installed and proper measures taken to prevent entry of dust and pests,Slippery floor in the washing area | Displayed FSSAI licence belonged to another branch,Recommended for Eat Right Campus certification | Instructed to rectify the identified observations,102,108,94,Observation,No,@CMC_Offcl,https://x.com/CMC_Offcl/status/2071901992726024639,2026-06-30,https://pbs.twimg.com/media/HMDfikiXQAAeqJg?format=jpg&name=small | https://pbs.twimg.com/amplify_video_thumb/2071901646079049728/img/TBoN0kU1i-iE3YDO.jpg | https://pbs.twimg.com/amplify_video_thumb/2071901826908073985/img/2OHC_PpLfBvMylWP.jpg,"Food Safety Inspection Drive 
 Establishment: The Gaudium School 
 Kollur 
 30.06.2026 
 As part of routine food safety inspections across Cyberabad, CMC Food Safety teams inspected The Gaudium School. 
 Good Practices 
 • Food handlers using aprons and hairnets 
 • Regular food and water testing through external laboratories 
 • Proper labelling of all food items and raw materials 
 • FIFO & FEFO practices followed 
 • Medical fitness records maintained 
 • FOSTAC supervisors present 
 • Fly traps installed and proper measures taken to prevent entry of dust and pests 
 Key Observations 
 • Slippery floor in the washing area 
 • Displayed FSSAI licence belonged to another branch 
 Action Taken 
 • Recommended for Eat Right Campus certification 
 • Instructed to rectify the identified observations. 
 Hygiene Assessment 
 102/108 Marks (94%) 
 Safe Food. Better Hygiene. Healthier Cyberabad. 
 #FoodSafety #FoodInspection #EatRightCampus #SafeFood #TeamCMC #Cyberabad 
 @jayesh_ranjan 
 @TelanganaCS 
 @TelanganaCMO 
 @IPRTelangana 
 @MC_Cyberabad 
 @HiHyderabad 
 @ZC_SLP 
 @ZC_Kukatpally1 
 @zcquthbullapur 
 @GummallaSrijana"
Glendale International School Cambridge,,2026-06-30,Food handlers using aprons and hairnets | Regular water testing through external laboratories | Clean and well-maintained dining area | Medical fitness and pest control records submitted,Patchy flooring with water stagnation in the wash area | FSSAI licence not displayed at the premises | Food and non-food items stored together without proper segregation | Transport vehicle FSSAI licence not produced | Dustbins without lids | Bananas stored near washrooms without pallets,Improvement Notice recommended and corrective measures instructed,75,92,82,Observation,Yes,@CMC_Offcl,https://x.com/CMC_Offcl/status/2071905665782886789,2026-06-30,https://pbs.twimg.com/amplify_video_thumb/2071904799780442112/img/9Jv0Wtd-V4DTqSae.jpg | https://pbs.twimg.com/media/HMDiduuWsAAgEBt?format=jpg&name=small | https://pbs.twimg.com/media/HMDifFYXgAAQhNr?format=jpg&name=small | https://pbs.twimg.com/amplify_video_thumb/2071905581279879168/img/HDZ4lYaSdzRQUtGZ.jpg,"Food Safety Inspection Drive 
 Establishment: Glendale International School Cambridge 
 Gopanpally 
 30.06.2026 
 As part of routine food safety inspections across Cyberabad, CMC Food Safety teams inspected Glendale International School Cambridge. 
 Good Practices 
 • Food handlers using aprons and hairnets 
 • Regular water testing through external laboratories 
 • Clean and well-maintained dining area 
 • Medical fitness and pest control records submitted 
 Key Observations 
 • Patchy flooring with water stagnation in the wash area 
 • FSSAI licence not displayed at the premises 
 • Food and non-food items stored together without proper segregation 
 • Transport vehicle FSSAI licence not produced 
 • Dustbins without lids 
 • Bananas stored near washrooms without pallets 
 Action Taken 
 • Improvement Notice recommended and corrective measures instructed. 
 Hygiene Assessment 
 75/92 Marks (82%) 
 Safe Food. Better Hygiene. Healthier Cyberabad. 
 #FoodSafety #FoodInspection #SafeFood #FoodSafetyFirst #TeamCMC #Cyberabad 
 @jayesh_ranjan 
 @TelanganaCS 
 @TelanganaCMO 
 @IPRTelangana 
 @MC_Cyberabad 
 @HiHyderabad 
 @ZC_SLP 
 @ZC_Kukatpally1 
 @zcquthbullapur 
 @GummallaSrijana"
CHIREC International School,Kondapur,2026-06-30,"Medical fitness, water testing, food testing, and pest control records maintained | High standards of personal hygiene followed by food handlers | Food samples retained for three days for traceability | Regular microbial testing of food handlers and equipment through laboratory swab analysis",Lighting in one section of the kitchen needs improvement | Air curtains of the walk-in chiller require cleaning | Chopping boards found worn out and need replacement,"Instructed to improve kitchen lighting, replace chopping boards, and clean air curtains",94,100,94,Observation,No,@CMC_Offcl,https://x.com/CMC_Offcl/status/2071917961615745282,2026-06-30,https://pbs.twimg.com/media/HMDuW8PWkAAyPRy?format=jpg&name=small | https://pbs.twimg.com/media/HMDuW8MXkAAfZwc?format=jpg&name=small | https://pbs.twimg.com/media/HMDuW8lXUAATH4u?format=jpg&name=small | https://pbs.twimg.com/media/HMDuW0CWEAA98EN?format=jpg&name=900x900,"Food Safety Inspection Drive 
 Establishment: CHIREC International School 
 Kondapur 
 30.06.2026 
 As part of routine food safety inspections across Cyberabad, CMC Food Safety teams inspected CHIREC International School. 
 Good Practices 
 • Medical fitness, water testing, food testing, and pest control records maintained 
 • High standards of personal hygiene followed by food handlers 
 • Food samples retained for three days for traceability 
 • Regular microbial testing of food handlers and equipment through laboratory swab analysis 
 Key Observations 
 • Lighting in one section of the kitchen needs improvement 
 • Air curtains of the walk-in chiller require cleaning 
 • Chopping boards found worn out and need replacement 
 Action Taken 
 • Instructed to improve kitchen lighting, replace chopping boards, and clean air curtains. 
 Hygiene Assessment 
 94/100 Marks (94%) 
 Safe Food. Better Hygiene. Healthier Cyberabad. 
 #FoodSafety #FoodInspection #SafeFood #FoodSafetyFirst #TeamCMC #Cyberabad 
 @jayesh_ranjan 
 @TelanganaCS 
 @TelanganaCMO 
 @IPRTelangana 
 @MC_Cyberabad 
 @HiHyderabad 
 @ZC_SLP 
 @ZC_Kukatpally1 
 @zcquthbullapur 
 @GummallaSrijana"
Chinese Wok,"GSM Mall, Madinaguda",2026-06-29,No pest activity observed; pest control and water testing records available | Kitchen maintained free from water and food stagnation,"Cooked rice assigned a 36-hour shelf life without supporting laboratory validation | Food testing, packaging material, and annual medical fitness records not available | Incoming eggs not cleaned before use | One food handler found with untrimmed nails | Water taps near the rice and noodles preparation area found unclean | FSSAI licence not displayed prominently",Improvement Notice recommended and corrective measures instructed,88,108,82,Observation,Yes,@CMC_Offcl,https://x.com/CMC_Offcl/status/2071611113461211202,2026-06-29,https://pbs.twimg.com/media/HL_XOCRbwAE6QxL?format=jpg&name=small | https://pbs.twimg.com/media/HL_XOCWaEAAWaaw?format=jpg&name=small | https://pbs.twimg.com/media/HL_XOCVbAAAwNKn?format=jpg&name=small | https://pbs.twimg.com/media/HL_XQl4bsAAjiqU?format=jpg&name=small,"Food Safety Inspection Drive 2/2 
 Restaurant: Chinese Wok 
 GSM Mall, Madinaguda 
 29.06.2026 
 As part of routine food safety inspections across Cyberabad, CMC Food Safety teams inspected Chinese Wok. 
 Good Practices 
 • No pest activity observed; pest control and water testing records available 
 • Kitchen maintained free from water and food stagnation 
 Key Observations 
 • Cooked rice assigned a 36-hour shelf life without supporting laboratory validation 
 • Food testing, packaging material, and annual medical fitness records not available 
 • Incoming eggs not cleaned before use 
 • One food handler found with untrimmed nails 
 • Water taps near the rice and noodles preparation area found unclean 
 • FSSAI licence not displayed prominently 
 Action Taken 
 • Improvement Notice recommended and corrective measures instructed. 
 Hygiene Assessment 
 88/108 Marks (82%) 
 Safe Food. Better Hygiene. Healthier Cyberabad. 
 #FoodSafety #FoodInspection #SafeFood #FoodSafetyFirst #TeamCMC #Cyberabad 
 @jayesh_ranjan 
 @TelanganaCS 
 @TelanganaCMO 
 @IPRTelangana 
 @MC_Cyberabad 
 @HiHyderabad 
 @ZC_SLP 
 @ZC_Kukatpally1 
 @zcquthbullapur 
 @GummallaSrijana"
Barbeque Nation,"GSM Mall, Madinaguda",2026-06-29,Medical fitness records of food handlers and water testing reports available | Personal hygiene maintained by food handlers,"Brownies and kulfi (Pan, Malai & Kesar Pista variants) found without labels and discarded on the spot | Food testing, packaging material, and pest control records not available | Vegetable crates and water bubble containers found unclean; instructed to replace immediately | Chopping boards in poor condition | Cockroach infestation observed in the fruit storage area and near refrigerators",Improvement Notice recommended | Unlabelled food items discarded during inspection,86,110,79,Observation,Yes,@CMC_Offcl,https://x.com/CMC_Offcl/status/2071610541991502220,2026-06-29,https://pbs.twimg.com/media/HL_WuZubUAAWAUd?format=jpg&name=small | https://pbs.twimg.com/amplify_video_thumb/2071610446285864961/img/arp1xK8Kp7rXt9yi.jpg | https://pbs.twimg.com/media/HL_WuZvbcAAcQAT?format=jpg&name=small | https://pbs.twimg.com/media/HL_WuZragAACnFN?format=jpg&name=900x900,"Food Safety Inspection Drive 
 Restaurant: Barbeque Nation 
 GSM Mall, Madinaguda 
 29.06.2026 
 As part of routine food safety inspections across Cyberabad, CMC Food Safety teams inspected Barbeque Nation. 
 Good Practices 
 • Medical fitness records of food handlers and water testing reports available 
 • Personal hygiene maintained by food handlers 
 Key Observations 
 • Brownies and kulfi (Pan, Malai & Kesar Pista variants) found without labels and discarded on the spot 
 • Food testing, packaging material, and pest control records not available 
 • Vegetable crates and water bubble containers found unclean; instructed to replace immediately 
 • Chopping boards in poor condition 
 • Cockroach infestation observed in the fruit storage area and near refrigerators 
 Action Taken 
 • Improvement Notice recommended 
 • Unlabelled food items discarded during inspection. 
 Hygiene Assessment 
 86/110 Marks (79%) 
 Safe Food. Better Hygiene. Healthier Cyberabad. 
 #FoodSafety #FoodInspection #SafeFood #FoodSafetyFirst #TeamCMC #Cyberabad 
 @jayesh_ranjan 
 @TelanganaCS 
 @TelanganaCMO 
 @IPRTelangana 
 @MC_Cyberabad 
 @HiHyderabad 
 @ZC_SLP 
 @ZC_Kukatpally1 
 @zcquthbullapur 
 @GummallaSrijana"
Vijayawada Special Krishna Cafe,,2026-06-27,Food handlers using head caps and uniforms,"Kitchen partially open, allowing entry of dust and pests | Overflowing, uncovered dustbins with houseflies around food preparation areas | Uncovered and unlabelled dough, chutney, and cut vegetables stored in refrigerators | Disorganized storage of raw materials with spillages | Water stagnation near the washing area | Iron knives in use for food preparation (discarded during inspection) | Medical fitness certificates and pest control records not maintained",Improvement Notice recommended | Iron knives discarded on the spot and instructions issued to use stainless steel knives,75,106,71,Observation,Yes,@CMC_Offcl,https://x.com/CMC_Offcl/status/2070881011379187778,2026-06-27,https://pbs.twimg.com/media/HL0_TCRa0AAWNKx?format=jpg&name=small | https://pbs.twimg.com/media/HL0_TBkbMAAH0oV?format=jpg&name=small | https://pbs.twimg.com/media/HL0_TBmaIAAJVu3?format=jpg&name=small | https://pbs.twimg.com/media/HL0_TB-a8AAA6qD?format=jpg&name=small,"Food Safety Inspection Drive 
 Restaurant: Vijayawada Special Krishna Cafe 
 Gajularamaram 
 27.06.2026 
 As part of routine food safety inspections across Cyberabad, CMC Food Safety teams inspected Vijayawada Special Krishna Cafe. 
 Good Practice 
 • Food handlers using head caps and uniforms 
 Key Observations 
 • Kitchen partially open, allowing entry of dust and pests 
 • Overflowing, uncovered dustbins with houseflies around food preparation areas 
 • Uncovered and unlabelled dough, chutney, and cut vegetables stored in refrigerators 
 • Disorganized storage of raw materials with spillages 
 • Water stagnation near the washing area 
 • Iron knives in use for food preparation (discarded during inspection) 
 • Medical fitness certificates and pest control records not maintained 
 Action Taken 
 • Improvement Notice recommended 
 • Iron knives discarded on the spot and instructions issued to use stainless steel knives. 
 Hygiene Assessment 
 75/106 Marks (71%) 
 Safe Food. Better Hygiene. Healthier Cyberabad. 
 #FoodSafety #FoodInspection #SafeFood #FoodSafetyFirst #TeamCMC #Cyberabad 
 @jayesh_ranjan 
 @TelanganaCS 
 @TelanganaCMO 
 @IPRTelangana 
 @MC_Cyberabad 
 @HiHyderabad 
 @ZC_SLP 
 @ZC_Kukatpally1 
 @zcquthbullapur 
 @GummallaSrijana"
Shah Gouse Restaurant,"Opp. Biodiversity Park, Raidurg, Gachibowli Road",2026-06-27,Food handlers using caps and aprons,"Houseflies observed throughout the kitchen | Poor housekeeping with grease, dirt, and dust accumulation | Unhygienic non-veg cutting area with risk of cross-contamination | Open drains and food waste accumulation | Unclean wash area and leakage in the store room | Semi-prepared food items found without labels | Water testing records not produced | Gutka stains observed on kitchen walls",Improvement Notice recommended,60,92,65,Observation,Yes,@CMC_Offcl,https://x.com/CMC_Offcl/status/2070851788371120463,2026-06-27,https://pbs.twimg.com/amplify_video_thumb/2070851447508656128/img/G5Z-eum_rQCf0Nu_.jpg | https://pbs.twimg.com/media/HL0ka4Oa8AAEGek?format=jpg&name=small | https://pbs.twimg.com/media/HL0ka27aQAATIju?format=jpg&name=small | https://pbs.twimg.com/media/HL0kfNSa8AE34Vp?format=jpg&name=900x900,"Food Safety Inspection Drive 
 Restaurant: Shah Gouse Restaurant 
 Opp. Biodiversity Park, Raidurg, Gachibowli Road 
 27.06.2026 
 As part of routine food safety inspections across Cyberabad, CMC Food Safety teams inspected Shah Gouse Restaurant. 
 Good Practice 
 • Food handlers using caps and aprons 
 Key Observations 
 • Houseflies observed throughout the kitchen 
 • Poor housekeeping with grease, dirt, and dust accumulation 
 • Unhygienic non-veg cutting area with risk of cross-contamination 
 • Open drains and food waste accumulation 
 • Unclean wash area and leakage in the store room 
 • Semi-prepared food items found without labels 
 • Water testing records not produced 
 • Gutka stains observed on kitchen walls 
 Action Taken 
 • Improvement Notice recommended 
 Hygiene Assessment 
 60/92 Marks (65%) 
 Safe Food. Better Hygiene. Healthier Cyberabad. 
 #FoodSafety #FoodInspection #FoodSafetyFirst #SafeFood #TeamCMC #Cyberabad 
 @jayesh_ranjan 
 @TelanganaCS 
 @TelanganaCMO 
 @IPRTelangana 
 @MC_Cyberabad 
 @HiHyderabad 
 @ZC_SLP 
 @ZC_Kukatpally1 
 @zcquthbullapur 
 @GummallaSrijana"
Palamuru Grill Bar & Restaurant,"Near RTO Office, Kondapur",2026-06-27,Food handlers using caps and aprons | Medical fitness certificates available | Cleaning schedule maintained,"Label tampering observed on prepared food items | Stale food and expired mushrooms found and discarded | Houseflies present in the kitchen | Grease and dirt accumulation on ceilings and lights | Rusted freezer with water accumulation, posing contamination risk | Hot water sanitation of utensils not followed | Water testing reports not available",Improvement Notice recommended | Stale food and expired mushrooms discarded on the spot,65,108,60,Observation,Yes,@CMC_Offcl,https://x.com/CMC_Offcl/status/2070879883694121173,2026-06-27,https://pbs.twimg.com/amplify_video_thumb/2070879805281849344/img/zmWej0uLOUexn04D.jpg | https://pbs.twimg.com/amplify_video_thumb/2070879805269245952/img/GfXlFtbwT_10_ZHC.jpg | https://pbs.twimg.com/amplify_video_thumb/2070879805273497600/img/HlkNub7w3GXqBOm3.jpg | https://pbs.twimg.com/media/HL0-NfvawAEt6sz?format=jpg&name=small,"Food Safety Inspection Drive 
 Restaurant: Palamuru Grill Bar & Restaurant 
 Near RTO Office, Kondapur 
 27.06.2026 
 As part of routine food safety inspections across Cyberabad, CMC Food Safety teams inspected Palamuru Grill Bar & Restaurant. 
 Good Practices 
 • Food handlers using caps and aprons 
 • Medical fitness certificates available 
 • Cleaning schedule maintained 
 Key Observations 
 • Label tampering observed on prepared food items 
 • Stale food and expired mushrooms found and discarded 
 • Houseflies present in the kitchen 
 • Grease and dirt accumulation on ceilings and lights 
 • Rusted freezer with water accumulation, posing contamination risk 
 • Hot water sanitation of utensils not followed 
 • Water testing reports not available 
 Action Taken 
 • Improvement Notice recommended 
 • Stale food and expired mushrooms discarded on the spot. 
 Hygiene Assessment 
 65/108 Marks (60%) 
 Safe Food. Better Hygiene. Healthier Cyberabad. 
 #FoodSafety #FoodInspection #SafeFood #TeamCMC #Cyberabad 
 @jayesh_ranjan 
 @TelanganaCS 
 @TelanganaCMO 
 @IPRTelangana 
 @MC_Cyberabad 
 @HiHyderabad 
 @ZC_SLP 
 @ZC_Kukatpally1 
 @zcquthbullapur 
 @GummallaSrijana"
M/s Mehfil Restaurant,Hitech City,2026-06-27,Food handlers using hairnets | Veg & non-veg segregation maintained | No pest infestation observed,Inadequate kitchen space | Wet floors and food accumulation | Roomali roti preparation in a construction area (stopped immediately) | Unhygienic food grading practices | Medical fitness certificates of food handlers not produced,Improvement Notice initiated and corrective measures instructed,68,102,67,Observation,Yes,@CMC_Offcl,https://x.com/CMC_Offcl/status/2070871306959208548,2026-06-27,https://pbs.twimg.com/amplify_video_thumb/2070871118676959232/img/r1Rx2JhRPSj777VG.jpg | https://pbs.twimg.com/amplify_video_thumb/2070871118643449856/img/nCbq-ljEDloubKQ-.jpg | https://pbs.twimg.com/amplify_video_thumb/2070871118618243072/img/XxLqPcvCHdahYhQa.jpg | https://pbs.twimg.com/media/HL02T3oa8AApMo_?format=jpg&name=small,"Food Safety Inspection Drive 
 Restaurant: M/s Mehfil Restaurant 
 Hitech City 
 27.06.2026 
 As part of routine food safety inspections across Cyberabad, CMC Food Safety teams inspected M/s Mehfil Restaurant. 
 Good Practices 
 • Food handlers using hairnets 
 • Veg & non-veg segregation maintained 
 • No pest infestation observed 
 Key Observations 
 • Inadequate kitchen space 
 • Wet floors and food accumulation 
 • Roomali roti preparation in a construction area (stopped immediately) 
 • Unhygienic food grading practices 
 • Medical fitness certificates of food handlers not produced 
 Action Taken 
 • Improvement Notice initiated and corrective measures instructed. 
 Hygiene Assessment 
 68/102 Marks (67%) 
 Safe Food. Better Hygiene. Healthier Cyberabad. 
 #FoodSafety #FoodInspection #SafeFood #TeamCMC #Cyberabad 
 @jayesh_ranjan 
 @TelanganaCS 
 @TelanganaCMO 
 @IPRTelangana 
 @MC_Cyberabad 
 @HiHyderabad 
 @ZC_SLP 
 @ZC_Kukatpally1 
 @zcquthbullapur 
 @GummallaSrijana"
M/s Ideal Kitchen,Madhapur,2026-06-27,Food handlers using hairnets and aprons | Regular pest control carried out | Leftover food disposed of twice daily,"Unwrapped batters and semi-prepared food stored in the freezer; dead cockroaches found on batter | Wet floors and food accumulation | Raw materials stored without pallets, posing contamination risk | Insects found in urad dal | Medical fitness and water testing records not available",Improvement Notice initiated and corrective measures instructed,61,92,67,Observation,Yes,@CMC_Offcl,https://x.com/CMC_Offcl/status/2070874446983057647,2026-06-27,https://pbs.twimg.com/amplify_video_thumb/2070874367240900608/img/bB228z_XwCByz1IO.jpg | https://pbs.twimg.com/amplify_video_thumb/2070874367257657344/img/w6fzibff0gTWZYjb.jpg | https://pbs.twimg.com/amplify_video_thumb/2070874367358390272/img/RGrl0xd63kM-A_Jz.jpg | https://pbs.twimg.com/media/HL05Q9abUAAKuqY?format=jpg&name=900x900,"Food Safety Inspection Drive 
 Restaurant: M/s Ideal Kitchen 
 Madhapur 
 27.06.2026 
 As part of routine food safety inspections across Cyberabad, CMC Food Safety teams inspected M/s Ideal Kitchen. 
 Good Practices 
 • Food handlers using hairnets and aprons 
 • Regular pest control carried out 
 • Leftover food disposed of twice daily 
 Key Observations 
 • Unwrapped batters and semi-prepared food stored in the freezer; dead cockroaches found on batter 
 • Wet floors and food accumulation 
 • Raw materials stored without pallets, posing contamination risk 
 • Insects found in urad dal 
 • Medical fitness and water testing records not available 
 Action Taken 
 • Improvement Notice initiated and corrective measures instructed. 
 Hygiene Assessment 
 61/92 Marks (67%) 
 Safe Food. Better Hygiene. Healthier Cyberabad. 
 #FoodSafety #FoodInspection #SafeFood #TeamCMC #Cyberabad 
 @jayesh_ranjan 
 @TelanganaCS 
 @TelanganaCMO 
 @IPRTelangana 
 @MC_Cyberabad 
 @HiHyderabad 
 @ZC_SLP 
 @ZC_Kukatpally1 
 @zcquthbullapur 
 @GummallaSrijana"
KS Bakers,Kukatpally,2026-06-27,Food handlers using aprons and hairnets | Regular food and water testing through external laboratories | Proper labelling on cakes | FIFO practices followed | Medical fitness records maintained | FOSTAC-trained supervisor available,Inadequate segregation of veg and non-veg items in the freezer | Cockroach infestation observed | Rusted ovens | Untidy storage containers and kitchen tiles,Improvement Notice recommended and corrective measures instructed,94,116,82,Observation,Yes,@CMC_Offcl,https://x.com/CMC_Offcl/status/2070902975908954224,2026-06-27,https://pbs.twimg.com/amplify_video_thumb/2070902936155435008/img/aW8Oq3Tsl0EFi9u3.jpg | https://pbs.twimg.com/media/HL1TP5CbcAAqGDj?format=jpg&name=small | https://pbs.twimg.com/media/HL1TP5PawAApoxD?format=jpg&name=small | https://pbs.twimg.com/media/HL1TP5NbcAAz_0L?format=jpg&name=900x900,"Food Safety Inspection Drive 
 Establishment: KS Bakers 
 Kukatpally 
 27.06.2026 
 As part of routine food safety inspections across Cyberabad, CMC Food Safety teams inspected KS Bakers. 
 Good Practices 
 • Food handlers using aprons and hairnets 
 • Regular food and water testing through external laboratories 
 • Proper labelling on cakes 
 • FIFO practices followed 
 • Medical fitness records maintained 
 • FOSTAC-trained supervisor available 
 Key Observations 
 • Inadequate segregation of veg and non-veg items in the freezer 
 • Cockroach infestation observed 
 • Rusted ovens 
 • Untidy storage containers and kitchen tiles 
 Action Taken 
 • Improvement Notice recommended and corrective measures instructed. 
 Hygiene Assessment 
 94/116 Marks (82%) 
 Safe Food. Better Hygiene. Healthier Cyberabad. 
 #FoodSafety #FoodInspection #SafeFood #FoodSafetyFirst #TeamCMC #Cyberabad 
 @jayesh_ranjan 
 @TelanganaCS 
 @TelanganaCMO 
 @IPRTelangana 
 @MC_Cyberabad 
 @HiHyderabad 
 @ZC_SLP 
 @ZC_Kukatpally1 
 @zcquthbullapur 
 @GummallaSrijana"
J. Vishnu Vardhan Reddy Swagruha Foods,,2026-06-27,,"Kitchen open to the outside environment, allowing entry of dust and pests | No provision to check TPC levels of used cooking oil; overused oil suspected | Food handlers not using head caps, aprons, or gloves | Raw materials stored directly on the floor without pallets | Water stagnation near the washing area | Packed sweets and savouries found without proper labels | Medical fitness certificates and pest control records not maintained | Cobwebs, dust, poor lighting, and water seepage in the store room | Rat burrows observed near the packing area | Sugar beetle infestation found in jaggery; affected stock discarded on the spot",Improvement Notice recommended | Infested jaggery discarded immediately and corrective measures instructed,60,112,54,Observation,Yes,@CMC_Offcl,https://x.com/CMC_Offcl/status/2070884570841649435,2026-06-27,https://pbs.twimg.com/media/HL1Ch2kboAAx1Wm?format=jpg&name=small | https://pbs.twimg.com/media/HL1Ch36boAAkHVF?format=jpg&name=small | https://pbs.twimg.com/media/HL1Ch2Ja4AA9VqZ?format=jpg&name=small,"Food Safety Inspection Drive 
 Establishment: J. Vishnu Vardhan Reddy Swagruha Foods 
 Gajularamaram 
 27.06.2026 
 As part of routine food safety inspections across Cyberabad, CMC Food Safety teams inspected J. Vishnu Vardhan Reddy Swagruha Foods. 
 Key Observations 
 • Kitchen open to the outside environment, allowing entry of dust and pests 
 • No provision to check TPC levels of used cooking oil; overused oil suspected 
 • Food handlers not using head caps, aprons, or gloves 
 • Raw materials stored directly on the floor without pallets 
 • Water stagnation near the washing area 
 • Packed sweets and savouries found without proper labels 
 • Medical fitness certificates and pest control records not maintained 
 • Cobwebs, dust, poor lighting, and water seepage in the store room 
 • Rat burrows observed near the packing area 
 • Sugar beetle infestation found in jaggery; affected stock discarded on the spot 
 Action Taken 
 • Improvement Notice recommended 
 • Infested jaggery discarded immediately and corrective measures instructed. 
 Hygiene Assessment 
 60/112 Marks (54%) 
 Safe Food. Better Hygiene. Healthier Cyberabad. 
 #FoodSafety #FoodInspection #SafeFood #FoodSafetyFirst #TeamCMC #Cyberabad 
 @jayesh_ranjan 
 @TelanganaCS 
 @TelanganaCMO 
 @IPRTelangana 
 @MC_Cyberabad 
 @HiHyderabad 
 @ZC_SLP 
 @ZC_Kukatpally1 
 @zcquthbullapur 
 @GummallaSrijana"
Zomato Hyperpure Pvt. Ltd,IDA Kukatpally,2026-06-25,Food handlers using hairnets and aprons | Medical fitness and pest control records available | Raw materials stored on pallets,Food and non-food items stored together | 78 expired Kitchen King Masala packets and expired pizza sauce found and discarded | Untidy storage trays and unhygienic poultry chiller | Flies observed near the vegetable segregation area | Food spillages and leakages noticed | Veg and non-veg items stored together in the freezer,"Expired products disposed of immediately | Improvement Notice recommended | Samples of peanuts, dal, cumin, and ghee collected and sent to the laboratory for analysis",124,198,63,Observation,Yes,@CMC_Offcl,https://x.com/CMC_Offcl/status/2070114297422954965,2026-06-25,https://pbs.twimg.com/amplify_video_thumb/2070114162370596865/img/7-vbUTSvITMr-eqn.jpg | https://pbs.twimg.com/amplify_video_thumb/2070114162349584384/img/-V_FDnBQFchxw3hG.jpg | https://pbs.twimg.com/amplify_video_thumb/2070114162328629248/img/ZHg37JL33XEhMduy.jpg | https://pbs.twimg.com/media/HLqF3NjbcAA2Acl?format=jpg&name=medium,"Food Safety Inspection Drive 
 Establishment: Zomato Hyperpure Pvt. Ltd. 
 IDA Kukatpally 
 25.06.2026 
 Zomato Hyperpure is a bulk food supply and procurement warehouse that supplies raw materials to restaurants, hotels, and food businesses. 
 As part of routine food safety inspections across Cyberabad, CMC Food Safety teams inspected the facility. 
 Good Practices 
 • Food handlers using hairnets and aprons 
 • Medical fitness and pest control records available 
 • Raw materials stored on pallets 
 Key Observations 
 • Food and non-food items stored together 
 • 78 expired Kitchen King Masala packets and expired pizza sauce found and discarded 
 • Untidy storage trays and unhygienic poultry chiller 
 • Flies observed near the vegetable segregation area 
 • Food spillages and leakages noticed 
 • Veg and non-veg items stored together in the freezer 
 Action Taken 
 • Expired products disposed of immediately 
 • Improvement Notice recommended 
 • Samples of peanuts, dal, cumin, and ghee collected and sent to the laboratory for analysis 
 Hygiene Assessment 
 124/198 Marks (63%) 
 Safe Food. Better Hygiene. Healthier Cyberabad. 
 #FoodSafety #FoodInspection #ZomatoHyperpure #SafeFood #FoodSafetyFirst #TeamCMC #Cyberabad 
 @jayesh_ranjan 
 @TelanganaCS 
 @TelanganaCMO 
 @IPRTelangana 
 @CMC_Offcl 
 @HiHyderabad 
 @ZC_SLP 
 @ZC_Kukatpally1 
 @zcquthbullapur 
 @GummallaSrijana"
Zayaka Food Court,Near AMB Mall,2026-06-24,Food handlers using hairnets,,FSSAI License Suspended | Directions issued for immediate rectification of all food safety violations | FBO instructed not to operate the premises until re-inspection and revocation of the suspension,25,100,25,None,No,@CMC_Offcl,https://x.com/CMC_Offcl/status/2069786153663009098,2026-06-24,https://pbs.twimg.com/amplify_video_thumb/2069786058674298880/img/pq9joWTCeHwlwTHW.jpg | https://pbs.twimg.com/amplify_video_thumb/2069786058531983360/img/VIit8m5Y89Us5pTH.jpg | https://pbs.twimg.com/amplify_video_thumb/2069786058569691136/img/rF-hbgZXL3wCKoes.jpg | https://pbs.twimg.com/media/HLlbdH-a8AAZ7L2?format=jpg&name=small,"Food Safety Inspection Drive | 3/3 
 Restaurant: Zayaka Food Court 
 Near AMB Mall 
 24.06.2026 
 Good Practice 
 • Food handlers using hairnets 
 Major Observations 
 • Food stored in a non-functional freezer 
 • Rat infestation, rat burrows, and rodent damage to food packaging 
 • Rat droppings found in raw material and packaging storage areas 
 • Stale chicken biryani and spoiled vegetables stored in the freezer 
 • Improper segregation of food materials 
 • Egg mayonnaise stored under unsuitable conditions 
 • Medical fitness and pest control records not available 
 Action Taken 
 • FSSAI License Suspended 
 • Directions issued for immediate rectification of all food safety violations 
 • FBO instructed not to operate the premises until re-inspection and revocation of the suspension 
 Hygiene Assessment 
 25/100 Marks (25%) 
 Public health and food safety remain our highest priority. 
 #FoodSafety #FoodInspection #SafeFood #FoodSafetyFirst #TeamCMC #Cyberabad 
 @jayesh_ranjan 
 @TelanganaCS 
 @TelanganaCMO 
 @IPRTelangana 
 @MC_Cyberabad 
 @HiHyderabad 
 @ZC_SLP 
 @ZC_Kukatpally1 
 @zcquthbullapur 
 @GummallaSrijana"
Vijetha Supermarkets Pvt. Ltd,,2026-06-24,FSSAI License displayed | Pest control records available,Rotten fruits and low-quality peanuts found | Dead insects observed on food racks; fly traps absent | Expired food products and a bulged Frooti bottle found for sale | Cleaning schedule not maintained | Manufacturing/use-by dates not clearly visible on some products | Dusty and leaking oil packets | Medical fitness records of food handlers unavailable,"Expired food products discarded on the spot | Peanut samples collected for laboratory analysis | Instructions issued to strengthen cleaning, sorting, and FIFO practices | Improvement Notice recommended",,,,Observation,Yes,@CMC_Offcl,https://x.com/CMC_Offcl/status/2069785527285674039,2026-06-24,https://pbs.twimg.com/media/HLla8dybEAAViDo?format=jpg&name=small | https://pbs.twimg.com/media/HLla8emWYAAovgo?format=jpg&name=small | https://pbs.twimg.com/media/HLla8eWWcAAPYJp?format=jpg&name=small | https://pbs.twimg.com/media/HLla8dvakAAlShf?format=jpg&name=small,"Food Safety Inspection Drive | 2/3 
 Restaurant: Vijetha Supermarkets Pvt. Ltd. 
 Tellapur 
 24.06.2026 
 Good Practices 
 • FSSAI License displayed 
 • Pest control records available 
 Key Observations 
 • Rotten fruits and low-quality peanuts found 
 • Dead insects observed on food racks; fly traps absent 
 • Expired food products and a bulged Frooti bottle found for sale 
 • Cleaning schedule not maintained 
 • Manufacturing/use-by dates not clearly visible on some products 
 • Dusty and leaking oil packets 
 • Medical fitness records of food handlers unavailable 
 Action Taken 
 • Expired food products discarded on the spot 
 • Peanut samples collected for laboratory analysis 
 • Instructions issued to strengthen cleaning, sorting, and FIFO practices 
 • Improvement Notice recommended 
 Safe Food. Better Hygiene. Healthier Cyberabad. 
 #FoodSafety #FoodInspection #SafeFood #FoodSafetyFirst #TeamCMC #Cyberabad 
 @jayesh_ranjan 
 @TelanganaCS 
 @TelanganaCMO 
 @IPRTelangana 
 @MC_Cyberabad 
 @HiHyderabad 
 @ZC_SLP 
 @ZC_Kukatpally1 
 @zcquthbullapur 
 @GummallaSrijana"
The Food Planet,,2026-06-24,Food handlers using hairnets and hand gloves,"Greasy exhausts, ceiling, and pipelines due to poor cleaning | Expired raw mutton and unlabeled curd discarded on the spot | Medical fitness, pest control, water testing, and packaging records unavailable | Non-veg storage refrigerators not maintained properly | Houseflies observed in the kitchen | Worn-out chopping boards and iron knives in use | Food handlers not wearing aprons; nails not trimmed | Food waste in drains causing unhygienic conditions",Directions issued to improve hygiene and proper food labelling | Improvement Notice to be issued,51,100,51,Observation,Yes,@CMC_Offcl,https://x.com/CMC_Offcl/status/2070108364529648083,2026-06-25,https://pbs.twimg.com/media/HLqAP8NasAAhPKy?format=jpg&name=small | https://pbs.twimg.com/media/HLqAP7TbsAAOIgi?format=jpg&name=small | https://pbs.twimg.com/media/HLqAP7baIAA08aN?format=jpg&name=small | https://pbs.twimg.com/media/HLqAR6QbsAAnDMz?format=jpg&name=small,"Food Safety Inspection Drive 
 Restaurant: The Food Planet 
 Old Mumbai Highway, Chandanagar, Lingampally 
 24.06.2026 
 As part of routine food safety inspections across Cyberabad, CMC Food Safety teams inspected The Food Planet. 
 Good Practice 
 • Food handlers using hairnets and hand gloves 
 Key Observations 
 • Greasy exhausts, ceiling, and pipelines due to poor cleaning 
 • Expired raw mutton and unlabeled curd discarded on the spot 
 • Medical fitness, pest control, water testing, and packaging records unavailable 
 • Non-veg storage refrigerators not maintained properly 
 • Houseflies observed in the kitchen 
 • Worn-out chopping boards and iron knives in use 
 • Food handlers not wearing aprons; nails not trimmed 
 • Food waste in drains causing unhygienic conditions 
 Action Taken 
 • Directions issued to improve hygiene and proper food labelling 
 • Improvement Notice to be issued 
 Hygiene Assessment 
 51/100 Marks (51%) 
 Safe Food. Better Hygiene. Healthier Cyberabad. 
 #FoodSafety #FoodInspection #SafeFood #FoodSafetyFirst #TeamCMC #Cyberabad 
 @jayesh_ranjan 
 @TelanganaCS 
 @TelanganaCMO 
 @IPRTelangana 
 @CMC_Offcl 
 @HiHyderabad 
 @ZC_SLP 
 @ZC_Kukatpally1 
 @zcquthbullapur 
 @GummallaSrijana"
Protein Chef,,2026-06-24,Food handlers using hairnets & aprons | Well-maintained store room | Proper pest control measures | Veg & non-veg segregation followed,Inadequate cleaning & drain maintenance | Unclean freezer with stale/unwrapped food posing cross-contamination risk | Improper thawing of frozen items | Medical fitness records unavailable | Hot water sanitation not followed | Open dustbins near the cooking area,Improvement Notice recommended | Food samples collected for laboratory analysis,66,102,65,Observation,Yes,@CMC_Offcl,https://x.com/CMC_Offcl/status/2069784663577837771,2026-06-24,https://pbs.twimg.com/media/HLlZ2XybIAA0J2M?format=jpg&name=small | https://pbs.twimg.com/amplify_video_thumb/2069784294583599104/img/H17AfI2QAigkm2mj.jpg | https://pbs.twimg.com/amplify_video_thumb/2069784294596239360/img/VMMrQWUm5sRzj5Gc.jpg | https://pbs.twimg.com/amplify_video_thumb/2069784458140782592/img/j-lgzWJbDr99Hwxi.jpg,"Food Safety Inspection Drive | 1/3 
 Restaurant: Protein Chef 
 Backside of CGR School 
 24.06.2026 
 Good Practices 
 • Food handlers using hairnets & aprons 
 • Well-maintained store room 
 • Proper pest control measures 
 • Veg & non-veg segregation followed 
 Key Observations 
 • Inadequate cleaning & drain maintenance 
 • Unclean freezer with stale/unwrapped food posing cross-contamination risk 
 • Improper thawing of frozen items 
 • Medical fitness records unavailable 
 • Hot water sanitation not followed 
 • Open dustbins near the cooking area 
 Action Taken 
 • Improvement Notice recommended 
 • Food samples collected for laboratory analysis 
 Hygiene Assessment 
 66/102 Marks (65%) 
 Safe Food. Better Hygiene. Healthier Cyberabad. 
 #FoodSafety #FoodInspection #SafeFood #FoodSafetyFirst #TeamCMC #Cyberabad 
 @jayesh_ranjan 
 @TelanganaCS 
 @TelanganaCMO 
 @IPRTelangana 
 @MC_Cyberabad 
 @HiHyderabad 
 @ZC_SLP 
 @ZC_Kukatpally1 
 @zcquthbullapur 
 @GummallaSrijana"
Zepto (Kiranakart Technologies Pvt. Ltd.),"Devbhoomi Nagar, Gajularamaram Circle",2026-06-23,Cold storage maintained with temperature records | Food and non-food products stored separately | Labelling and display norms followed | No expired food articles found during inspection,"Expired FSSAI license copy displayed instead of the renewed one | Live cockroach infestation observed | Rusted racks and poor housekeeping beneath shelves | Inadequate spacing between walls and racks affecting cleaning | Greasy flooring and carton boxes obstructing the washing area | Medical fitness, pest control, and cleaning schedule records not maintained | One leaking apple juice pack found on sale shelves | One chicken packet without legible use-by date was discarded on the spot","Improvement Notice recommended | Defective food product discarded immediately | Directions issued to strengthen hygiene, housekeeping, documentation, and storage practices",48,72,68,Observation,Yes,@CMC_Offcl,https://x.com/CMC_Offcl/status/2069427494357434434,2026-06-23,https://pbs.twimg.com/amplify_video_thumb/2069427362928947200/img/027PvIedPnwtUAB8.jpg | https://pbs.twimg.com/media/HLgVOOeawAAZfAz?format=jpg&name=240x240,"Food Safety Inspection Drive | 4/5 
 Establishment: Zepto (Kiranakart Technologies Pvt. Ltd.) 
 Devbhoomi Nagar, Gajularamaram Circle 
 23.06.2026 
 Based on a citizen complaint regarding the supply of expired milk products, CMC Food Safety teams, along with the Deputy Commissioner, Gajularamaram Circle, conducted an inspection at the facility. 
 Good Practices Observed 
 • Cold storage maintained with temperature records 
 • Food and non-food products stored separately 
 • Labelling and display norms followed 
 • No expired food articles found during inspection 
 Observations 
 • Expired FSSAI license copy displayed instead of the renewed one 
 • Live cockroach infestation observed 
 • Rusted racks and poor housekeeping beneath shelves 
 • Inadequate spacing between walls and racks affecting cleaning 
 • Greasy flooring and carton boxes obstructing the washing area 
 • Medical fitness, pest control, and cleaning schedule records not maintained 
 • One leaking apple juice pack found on sale shelves 
 • One chicken packet without legible use-by date was discarded on the spot 
 Action Taken 
 • Improvement Notice recommended 
 • Defective food product discarded immediately 
 • Directions issued to strengthen hygiene, housekeeping, documentation, and storage practices 
 Hygiene Assessment 
 48/72 Marks (68%) 
 Safe Food. Better Hygiene. Healthier Cyberabad. 
 @jayesh_ranjan 
 @TelanganaCS 
 @TelanganaCMO 
 @IPRTelangana 
 @MC_Cyberabad 
 @HiHyderabad 
 @ZC_SLP 
 @ZC_Kukatpally1 
 @zcquthbullapur 
 @GummallaSrijana 
 #FoodSafety #FoodInspection #Zepto #Gajularamaram #PublicHealth #SafeFood #CyberabadMunicipalCorporation #FoodSafetyFirst #TeamCMC"
Rameshwaram Cafe,,2026-06-23,"Food handlers using hairnets and aprons | Medical fitness, pest control, water testing, and food-grade container certificates available | Proper date labelling maintained on all food materials | No pest infestation or expired products observed | Hot water sanitation of utensils being followed | Timely disposal of prepared food items | RUCO guidelines implemented | Vegetable grading carried out systematically","Butter was being thawed in water near a drain, posing a contamination risk | Drain in the grinding area was clogged with food particles | Dustbins were found open",Instructions issued to follow proper FIFO practices | Directions given to keep dustbins closed and strengthen food handling and sanitation practices,95,102,93,Observation,No,@CMC_Offcl,https://x.com/CMC_Offcl/status/2069412857482248594,2026-06-23,https://pbs.twimg.com/media/HLgHYrNbIAAecUp?format=jpg&name=small | https://pbs.twimg.com/media/HLgH1NVacAAPRT_?format=jpg&name=small | https://pbs.twimg.com/amplify_video_thumb/2069412639470661632/img/FFACxSkXuJsmeIxF.jpg | https://pbs.twimg.com/amplify_video_thumb/2069412639470747649/img/6EbavwZNh1Ba61Oe.jpg,"Food Safety Inspection Drive !  1 
 Restaurant Name: Rameshwaram Cafe 
 Near Image Gardens 
 23.06.2026 
 As part of regular food safety inspections across Cyberabad, CMC Food Safety teams inspected Rameshwaram Cafe. 
 Good Practices Observed 
 • Food handlers using hairnets and aprons 
 • Medical fitness, pest control, water testing, and food-grade container certificates available 
 • Proper date labelling maintained on all food materials 
 • No pest infestation or expired products observed 
 • Hot water sanitation of utensils being followed 
 • Timely disposal of prepared food items 
 • RUCO guidelines implemented 
 • Vegetable grading carried out systematically 
 Observations 
 • Butter was being thawed in water near a drain, posing a contamination risk 
 • Drain in the grinding area was clogged with food particles 
 • Dustbins were found open 
 Action Taken 
 • Instructions issued to follow proper FIFO practices 
 • Directions given to keep dustbins closed and strengthen food handling and sanitation practices 
 Hygiene Assessment 
 95/102 Marks (93%) 
 The establishment demonstrated a high level of compliance with food safety standards, with minor observations communicated for immediate corrective action. 
 Safe Food. Better Hygiene. Healthier Cyberabad. 
 @jayesh_ranjan 
 @TelanganaCS 
 @TelanganaCMO 
 @IPRTelangana 
 @MC_Cyberabad 
 @HiHyderabad 
 @ZC_SLP 
 @ZC_Kukatpally1 
 @zcquthbullapur 
 @GummallaSrijana 
 #FoodSafety #FoodInspection #RameshwaramCafe #PublicHealth #SafeFood #CyberabadMunicipalCorporation #FoodSafetyFirst #TeamCMC"
Platform 65,,2026-06-23,Food handlers using hairnets and aprons | Medical fitness records available for some food handlers,,Suspension of FSSAI License recommended | Immediate corrective measures directed to address critical food safety and hygiene violations | Below 50% – Show Cause Notice / Strict Regulatory Action,40,110,37,None,No,@CMC_Offcl,https://x.com/CMC_Offcl/status/2069415800889545074,2026-06-23,https://pbs.twimg.com/media/HLgKcdvasAA1ro9?format=jpg&name=small | https://pbs.twimg.com/amplify_video_thumb/2069415561273237504/img/nMIbqarH71ChCFOR.jpg | https://pbs.twimg.com/amplify_video_thumb/2069415648258875392/img/-OA7LSOfa7gTIMjh.jpg | https://pbs.twimg.com/amplify_video_thumb/2069415703594381312/img/ZjQfyVak7EpAD3Jz.jpg,"Food Safety Inspection Drive | 3/5 
 Restaurant Name: Platform 65 
 PNR Empire 
 23.06.2026 
 As part of regular food safety inspections across Cyberabad, CMC Food Safety teams inspected Platform 65. 
 Good Practices Observed 
 • Food handlers using hairnets and aprons 
 • Medical fitness records available for some food handlers 
 Major Observations 
 • Rats observed inside the premises 
 • Drain clogged with food particles 
 • Dustbins found open 
 • Stale food stored in freezers 
 • Freezers not maintained properly 
 • Drains inadequately cleaned 
 • Food items left uncovered, posing cross-contamination risks 
 • Veg and non-veg items not properly segregated 
 Action Taken 
 • Suspension of FSSAI License recommended 
 • Immediate corrective measures directed to address critical food safety and hygiene violations 
 Hygiene Assessment 
 40/110 Marks (37%) 
 Score Criteria 
 Below 50% – Show Cause Notice / Strict Regulatory Action 
 CMC will continue stringent food safety inspections to safeguard public health and ensure compliance with prescribed hygiene standards. 
 Safe Food. Responsible Practices. Healthier Cyberabad. 
 @jayesh_ranjan 
 @TelanganaCS 
 @TelanganaCMO 
 @IPRTelangana 
 @MC_Cyberabad 
 @HiHyderabad 
 @ZC_SLP 
 @ZC_Kukatpally1 
 @zcquthbullapur 
 @GummallaSrijana 
 #FoodSafety #FoodInspection #Platform65 #PublicHealth #SafeFood #CyberabadMunicipalCorporation #FoodSafetyFirst #TeamCMC"
Iguru Restaurant,"Chitrapuri Colony, Khajaguda",2026-06-23,Valid FSSAI License displayed at the premises,"Dustbins found without lids | Semi-prepared and prepared food items lacked proper name and use-by labels | Houseflies observed in the kitchen, dishwashing area, and store room | Medical fitness, water testing, packaging material, and pest control records were not available | Refrigerators were not demarcated for veg and non-veg storage | Food waste found uncleared in drains | Cooked fish curry container kept directly on the floor | Kitchen entry and store room were open to the external environment, increasing contamination risk | Dust accumulation observed on ceilings in the dishwashing area and store room | Mouldy cauliflower and unlabelled baby corn and jackfruit pieces were discarded on the spot",Instructions issued to implement proper food labelling and strengthen hygiene and storage practices | Improvement Notice issued for immediate rectification of the observed violations,63,104,61,Observation,Yes,@CMC_Offcl,https://x.com/CMC_Offcl/status/2069442219480854922,2026-06-23,https://pbs.twimg.com/media/HLgint-boAA0Aa8?format=jpg&name=small | https://pbs.twimg.com/amplify_video_thumb/2069442094545129472/img/9eHEbuCSJL1qzPS2.jpg | https://pbs.twimg.com/media/HLginz_aEAAmHUl?format=jpg&name=small | https://pbs.twimg.com/media/HLginuAboAEtk5m?format=jpg&name=small,"Food Safety Inspection Drive | 5/5 
 Restaurant Name: Iguru Restaurant 
 Chitrapuri Colony, Khajaguda 
 23.06.2026 
 As part of regular food safety inspections across Cyberabad, CMC Food Safety teams inspected Iguru Restaurant. 
 Good Practices Observed 
 • Valid FSSAI License displayed at the premises 
 Observations 
 • Dustbins found without lids 
 • Semi-prepared and prepared food items lacked proper name and use-by labels 
 • Houseflies observed in the kitchen, dishwashing area, and store room 
 • Medical fitness, water testing, packaging material, and pest control records were not available 
 • Refrigerators were not demarcated for veg and non-veg storage 
 • Food waste found uncleared in drains 
 • Cooked fish curry container kept directly on the floor 
 • Kitchen entry and store room were open to the external environment, increasing contamination risk 
 • Dust accumulation observed on ceilings in the dishwashing area and store room 
 • Mouldy cauliflower and unlabelled baby corn and jackfruit pieces were discarded on the spot 
 Action Taken 
 • Instructions issued to implement proper food labelling and strengthen hygiene and storage practices 
 • Improvement Notice issued for immediate rectification of the observed violations 
 Hygiene Assessment 
 63/104 Marks (61%) 
 Safe Food. Better Hygiene. Healthier Cyberabad. 
 #FoodSafety #FoodInspection #IguruRestaurant #Khajaguda #PublicHealth #SafeFood #CyberabadMunicipalCorporation #FoodSafetyFirst #TeamCMC 
 @jayesh_ranjan 
 @TelanganaCS 
 @TelanganaCMO 
 @IPRTelangana 
 @MC_Cyberabad 
 @HiHyderabad 
 @ZC_SLP 
 @ZC_Kukatpally1 
 @zcquthbullapur 
 @GummallaSrijana"
Hotel SVM Grand,,2026-06-23,"Valid FSSAI License displayed at the premises | Food handlers using hairnets, gloves, and aprons | Pest control records with MSDS sheets available",Dustbins found without lids | Kitchen floor was slippery | Broken tiles observed in the kitchen | Cockroach infestation detected | Food items in freezers lacked proper labels | Food preparation area maintained in unhygienic condition | Vegetable trays found untidy,"Instructions issued to implement proper food labelling and improve housekeeping practices | Improvement Notice issued for immediate rectification of food safety and hygiene violations | The establishment has been instructed to strengthen hygiene, storage, and food safety practices to ensure full compliance with prescribed standards",83,116,72,Observation,Yes,@CMC_Offcl,https://x.com/CMC_Offcl/status/2069414373656048024,2026-06-23,https://pbs.twimg.com/amplify_video_thumb/2069414301228814336/img/hjg0swZ9T-jRtIOX.jpg | https://pbs.twimg.com/media/HLgJV70b0AAp0oS?format=jpg&name=small | https://pbs.twimg.com/amplify_video_thumb/2069414301216202752/img/HIxPJAOJ0VWWsRIJ.jpg | https://pbs.twimg.com/media/HLgJV7waMAAJ2Jd?format=jpg&name=small,"Food Safety Inspection Drive | 2/5 
 Restaurant Name: Hotel SVM Grand 
 Bachupally 
 23.06.2026 
 As part of regular food safety inspections across Cyberabad, CMC Food Safety teams inspected Hotel SVM Grand. 
 Good Practices Observed 
 • Valid FSSAI License displayed at the premises 
 • Food handlers using hairnets, gloves, and aprons 
 • Pest control records with MSDS sheets available 
 Observations 
 • Dustbins found without lids 
 • Kitchen floor was slippery 
 • Broken tiles observed in the kitchen 
 • Cockroach infestation detected 
 • Food items in freezers lacked proper labels 
 • Food preparation area maintained in unhygienic condition 
 • Vegetable trays found untidy 
 Action Taken 
 • Instructions issued to implement proper food labelling and improve housekeeping practices 
 • Improvement Notice issued for immediate rectification of food safety and hygiene violations 
 Hygiene Assessment 
 83/116 Marks (72%) 
 The establishment has been instructed to strengthen hygiene, storage, and food safety practices to ensure full compliance with prescribed standards. 
 Safe Food. Better Hygiene. Healthier Cyberabad. 
 @jayesh_ranjan 
 @TelanganaCS 
 @TelanganaCMO 
 @IPRTelangana 
 @MC_Cyberabad 
 @HiHyderabad 
 @ZC_SLP 
 @ZC_Kukatpally1 
 @zcquthbullapur 
 @GummallaSrijana 
 #FoodSafety #FoodInspection #HotelSVMGrand #Bachupally #PublicHealth #SafeFood #CyberabadMunicipalCorporation #FoodSafetyFirst #TeamCMC"
Natural Aqua (Packaged Drinking Water Unit),"Rodamestry Nagar, Gajularamaram Circle",2026-06-22,Properly sloped flooring with no water stagnation | Wastewater diverted into a rainwater harvesting pit | Walls and ceilings found free from dust and cobwebs,"Food handlers were not using headcaps, gloves, or aprons | Bottling unit lacked proper barriers/mesh to prevent pest and dust entry | Pest control, medical fitness, and cleaning schedule records were not available | NOC for groundwater extraction was not obtained | Water analysis report was incomplete, with no microbial analysis | FSSAI license for the transportation vehicle was not available | NABL certification for packing materials was not produced | Application documents were not properly self-attested",Drinking water samples collected for laboratory analysis | FBO instructed to rectify all observations and resubmit the application with complete documentation for further processing,101,158,64,Observation,No,@CMC_Offcl,https://x.com/CMC_Offcl/status/2069108145981640839,2026-06-22,https://pbs.twimg.com/media/HLbsUmsaMAIGDjw?format=jpg&name=small | https://pbs.twimg.com/media/HLbsUmpaEAAO2nY?format=jpg&name=small | https://pbs.twimg.com/media/HLbsUmubUAA7Z1a?format=jpg&name=small | https://pbs.twimg.com/media/HLbsUmraAAA-QVd?format=jpg&name=small,"Food Safety Inspection Drive | 3 
 Establishment: Natural Aqua (Packaged Drinking Water Unit) 
 Rodamestry Nagar, Gajularamaram Circle 
 22.06.2026 
 As part of regular food safety inspections across Cyberabad, CMC Food Safety teams conducted a Pre-License Inspection at Natural Aqua. 
 Good Practices Observed 
 • Properly sloped flooring with no water stagnation 
 • Wastewater diverted into a rainwater harvesting pit 
 • Walls and ceilings found free from dust and cobwebs 
 Observations 
 • Food handlers were not using headcaps, gloves, or aprons 
 • Bottling unit lacked proper barriers/mesh to prevent pest and dust entry 
 • Pest control, medical fitness, and cleaning schedule records were not available 
 • NOC for groundwater extraction was not obtained 
 • Water analysis report was incomplete, with no microbial analysis 
 • FSSAI license for the transportation vehicle was not available 
 • NABL certification for packing materials was not produced 
 • Application documents were not properly self-attested 
 Action Taken 
 • Drinking water samples collected for laboratory analysis 
 • FBO instructed to rectify all observations and resubmit the application with complete documentation for further processing 
 Hygiene Assessment 
 101/158 Marks (64%) 
 Safe Water. Better Standards. Healthier Cyberabad. 
 #FoodSafety #PackagedDrinkingWater #NaturalAqua #PublicHealth #SafeWater #CyberabadMunicipalCorporation #FoodSafetyFirst #TeamCMC 
 @jayesh_ranjan 
 @TelanganaCS 
 @TelanganaCMO 
 @IPRTelangana 
 @MC_Cyberabad 
 @HiHyderabad 
 @ZC_SLP 
 @ZC_Kukatpally1 
 @zcquthbullapur 
 @GummallaSrijana"
Kodikura Chittigare,Nallagandla,2026-06-22,Valid FSSAI License available,"Raw chicken, desserts, and mango pulp received without proper labels; unlabelled items discarded on the spot | Water testing reports for water used in cooking were not available | Chiller found overloaded, affecting proper cooling | Two food handlers found with untrimmed nails | Dust accumulation observed on the grinding area ceiling | Food waste found uncleared in drain areas | Medical fitness records and packaging material testing reports were not available | Greasy kitchen ceiling required immediate cleaning","Unlabelled food items discarded immediately | Improvement Notice issued with directions to strengthen hygiene, documentation, storage, and housekeeping practices | The establishment has been instructed to implement immediate corrective measures to ensure compliance with food safety standards",60,98,62,Observation,Yes,@CMC_Offcl,https://x.com/CMC_Offcl/status/2069097408970289458,2026-06-22,https://pbs.twimg.com/media/HLbpFxLa8AIqK0M?format=jpg&name=small | https://pbs.twimg.com/media/HLbpFxMa8AQ-7Ft?format=jpg&name=small | https://pbs.twimg.com/media/HLbpHwwa8AEvo-c?format=jpg&name=small | https://pbs.twimg.com/media/HLbpHwxa8AQz-4q?format=jpg&name=small,"Food Safety Inspection Drive | 1/4 
 Restaurant Name: Kodikura Chittigare 
 Nallagandla 
 22.06.2026 
 As part of regular food safety inspections across Cyberabad, CMC Food Safety teams inspected Kodikura Chittigare, Nallagandla. 
 Good Practices Observed 
 • Valid FSSAI License available 
 Observations 
 • Raw chicken, desserts, and mango pulp received without proper labels; unlabelled items discarded on the spot 
 • Water testing reports for water used in cooking were not available 
 • Chiller found overloaded, affecting proper cooling 
 • Two food handlers found with untrimmed nails 
 • Dust accumulation observed on the grinding area ceiling 
 • Food waste found uncleared in drain areas 
 • Medical fitness records and packaging material testing reports were not available 
 • Greasy kitchen ceiling required immediate cleaning 
 Action Taken 
 • Unlabelled food items discarded immediately 
 • Improvement Notice issued with directions to strengthen hygiene, documentation, storage, and housekeeping practices 
 Hygiene Assessment 
 60/98 Marks (62%) 
 The establishment has been instructed to implement immediate corrective measures to ensure compliance with food safety standards. 
 Safe Food. Better Hygiene. Healthier Cyberabad. 
 @jayesh_ranjan 
 @TelanganaCS 
 @TelanganaCMO 
 @IPRTelangana 
 @MC_Cyberabad 
 @HiHyderabad 
 @ZC_SLP 
 @ZC_Kukatpally1 
 @zcquthbullapur 
 @GummallaSrijana 
 #FoodSafety #FoodInspection #KodikuraChittigare #Nallagandla #PublicHealth #SafeFood #CyberabadMunicipalCorporation #FoodSafetyFirst #TeamCMC"
Kanchi Cafe,Puppalaguda,2026-06-22,Valid FSSAI License displayed at the premises | Food handlers maintaining personal hygiene,"Open dustbins placed between the kitchen and store room, causing foul smell and attracting houseflies | Dust accumulation on store room ceiling | Water stagnation near grinding and vegetable cutting areas | Mould growth observed on cauliflower | Foul smell near drains | Batter stored in refrigerators without proper labels | Houseflies and cockroaches observed in the kitchen and store room | Medical fitness, pest control, water testing, and packaging material testing records were not available",Instructions issued to implement proper food labelling and improve housekeeping | Improvement Notice issued for immediate rectification of food safety and hygiene violations | The establishment has been instructed to take immediate corrective measures to strengthen hygiene and food safety compliance,56,94,60,Observation,Yes,@CMC_Offcl,https://x.com/CMC_Offcl/status/2069098097184268457,2026-06-22,https://pbs.twimg.com/media/HLbpexwa8AA89we?format=jpg&name=small | https://pbs.twimg.com/amplify_video_thumb/2069097793810313216/img/z0OW6Jlai7suVCmL.jpg | https://pbs.twimg.com/media/HLbpexta8AEZyFC?format=jpg&name=small | https://pbs.twimg.com/media/HLbpexubwAA07mq?format=jpg&name=small,"Food Safety Inspection Drive | 2/4 
 Restaurant Name: Kanchi Cafe 
 Puppalaguda, Manikonda 
 22.06.2026 
 As part of regular food safety inspections across Cyberabad, CMC Food Safety teams inspected Kanchi Cafe, Puppalaguda. 
 Good Practices Observed 
 • Valid FSSAI License displayed at the premises 
 • Food handlers maintaining personal hygiene 
 Observations 
 • Open dustbins placed between the kitchen and store room, causing foul smell and attracting houseflies 
 • Dust accumulation on store room ceiling 
 • Water stagnation near grinding and vegetable cutting areas 
 • Mould growth observed on cauliflower 
 • Foul smell near drains 
 • Batter stored in refrigerators without proper labels 
 • Houseflies and cockroaches observed in the kitchen and store room 
 • Medical fitness, pest control, water testing, and packaging material testing records were not available 
 Action Taken 
 • Instructions issued to implement proper food labelling and improve housekeeping 
 • Improvement Notice issued for immediate rectification of food safety and hygiene violations 
 Hygiene Assessment 
 56/94 Marks (60%) 
 The establishment has been instructed to take immediate corrective measures to strengthen hygiene and food safety compliance. 
 Safe Food. Better Hygiene. Healthier Cyberabad. 
 #FoodSafety #FoodInspection #KanchiCafe #Manikonda #PublicHealth #SafeFood #CyberabadMunicipalCorporation #FoodSafetyFirst #TeamCMC 
 @jayesh_ranjan 
 @TelanganaCS 
 @TelanganaCMO 
 @IPRTelangana 
 @MC_Cyberabad 
 @HiHyderabad 
 @ZC_SLP 
 @ZC_Kukatpally1 
 @zcquthbullapur 
 @GummallaSrijana"
Sattibabu Biryani,"Near KIMS, Kondapur",2026-06-20,"Food handlers using hairnets, gloves, and aprons | Expiry and use-by dates properly maintained | Medical fitness, pest control, and water testing records available | FOSTAC-certified Food Safety Supervisors deployed | Proper segregation of veg and non-veg items | Fly catchers installed | Meat properly cleaned, wrapped, and stored | Vendor licenses maintained for food materials",Flies were noticed near food items due to lids not being closed during inspection | Proper labelling was not available on sourced ghee,Instructions issued to keep food items covered at all times | Directions given to procure and maintain properly labelled food products,84,92,92,Observation,No,@CMC_Offcl,https://x.com/CMC_Offcl/status/2068236727815446684,2026-06-20,https://pbs.twimg.com/media/HLPZ16RbgAAEr29?format=jpg&name=small | https://pbs.twimg.com/media/HLPZ14nbUAA9Mk9?format=jpg&name=small | https://pbs.twimg.com/amplify_video_thumb/2068236173643034624/img/u1dapx29EqZ0DWjX.jpg | https://pbs.twimg.com/media/HLPZ16VaUAIkRCc?format=jpg&name=small,"Food Safety Inspection Drive!!! 
 Restaurant Name: Sattibabu Biryani 
 Near KIMS, Kondapur 
 20.06.2026 
 As part of regular food safety inspections across Cyberabad, CMC Food Safety teams inspected Sattibabu Biryani. 
 Good Practices Observed 
 • Food handlers using hairnets, gloves, and aprons 
 • Expiry and use-by dates properly maintained 
 • Medical fitness, pest control, and water testing records available 
 • FOSTAC-certified Food Safety Supervisors deployed 
 • Proper segregation of veg and non-veg items 
 • Fly catchers installed 
 • Meat properly cleaned, wrapped, and stored 
 • Vendor licenses maintained for food materials 
 Observations 
 • Flies were noticed near food items due to lids not being closed during inspection 
 • Proper labelling was not available on sourced ghee 
 Action Taken 
 • Instructions issued to keep food items covered at all times 
 • Directions given to procure and maintain properly labelled food products 
 Hygiene Assessment 
 84/92 Marks (92%) 
 The establishment demonstrated a high level of compliance with food safety standards, with minor observations communicated for immediate rectification. 
 Safe Food. Better Hygiene. Healthier Cyberabad. 
 #FoodSafety #FoodInspection #SattibabuBiryani #Kondapur #PublicHealth #SafeFood #CyberabadMunicipalCorporation #FoodSafetyFirst #TeamCMC 
 @jayesh_ranjan 
 @TelanganaCS 
 @TelanganaCMO 
 @IPRTelangana 
 @CMC_Offcl 
 @HiHyderabad 
 @ZC_SLP 
 @ZC_Kukatpally1 
 @zcquthbullapur 
 @GummallaSrijana"
Pancha Kattu Dosa,Nizampet,2026-06-20,"Food handlers using hairnets, gloves, and aprons | Working surfaces found clean and maintained | No pest infestation observed",Broken tiles found in kitchen and work areas | Chimney found greasy and required cleaning | Kitchen floor found slippery | Prepared junnu and nannari syrup stored without labels or date markings | Raw materials stored directly on the floor without pallets | Food and non-food materials stored together | Medical fitness certificates and water analysis reports were not available during inspection | Storage containers found damaged and inadequately maintained | were communicated to the establishment for immediate corrective action and improvement of food safety standards,"Improvement Notice issued to the establishment | Instructions given to improve housekeeping, storage practices, documentation, and food safety compliance",75,112,67,Observation,Yes,@CMC_Offcl,https://x.com/CMC_Offcl/status/2068361774437679197,2026-06-20,https://pbs.twimg.com/media/HLRFlmpakAEVxAi?format=jpg&name=900x900 | https://pbs.twimg.com/media/HLRFlm8b0AAvtm5?format=jpg&name=900x900 | https://pbs.twimg.com/media/HLRFlo3bQAAizC_?format=jpg&name=900x900 | https://pbs.twimg.com/media/HLRLyNcawAA7P79?format=jpg&name=900x900,"Food Safety Inspection Drive | 4/4 
 Restaurant Name: Pancha Kattu Dosa 
 Nizampet 
 20.06.2026 
 As part of regular food safety inspections across Cyberabad, CMC Food Safety teams inspected Pancha Kattu Dosa, Nizampet. 
 Good Practices Observed 
 • Food handlers using hairnets, gloves, and aprons 
 • Working surfaces found clean and maintained 
 • No pest infestation observed 
 Observations 
 • Broken tiles found in kitchen and work areas 
 • Chimney found greasy and required cleaning 
 • Kitchen floor found slippery 
 • Prepared junnu and nannari syrup stored without labels or date markings 
 • Raw materials stored directly on the floor without pallets 
 • Food and non-food materials stored together 
 • Medical fitness certificates and water analysis reports were not available during inspection 
 • Storage containers found damaged and inadequately maintained 
 Action Taken 
 • Improvement Notice issued to the establishment 
 • Instructions given to improve housekeeping, storage practices, documentation, and food safety compliance 
 Hygiene Assessment 
 75/112 Marks (67%) 
 Observations were communicated to the establishment for immediate corrective action and improvement of food safety standards. 
 Safe Food. Better Hygiene. Healthier Cyberabad. 
 #FoodSafety #FoodInspection #PanchaKattuDosa #Nizampet #PublicHealth #SafeFood #CyberabadMunicipalCorporation #FoodSafetyFirst #TeamCMC 
 @jayesh_ranjan 
 @TelanganaCS 
 @TelanganaCMO 
 @IPRTelangana 
 @MC_Cyberabad 
 @HiHyderabad 
 @ZC_SLP 
 @ZC_Kukatpally1 
 @zcquthbullapur 
 @GummallaSrijana"
KFC (Devyani India Pvt. Ltd.),Nizampet,2026-06-20,"Food handlers using hairnets, gloves, and aprons | Medical fitness, pest control, and water testing records available | No pest infestation observed",Used cooking oil TPC level found above the permissible limit | Prepared food items lacked preparation and discard time labels | Raw chicken stored in chillers without proper labeling | Pungent smell observed in the kitchen area | Veg and non-veg items stored together without proper segregation | Food and non-food materials stored in the same area | Marination and frying sections required improved housekeeping | Temperature monitoring records for chillers and freezers were not available | Expired food license found in records; renewed license produced upon verification | Tomatoes and lemons nearing use-by date found in storage | were communicated for immediate corrective action,"Improvement Notice issued to the establishment | Instructions given to strengthen food storage, labeling, segregation, oil monitoring, and record maintenance practices | Directions issued to improve housekeeping and food safety compliance",100,116,86,Observation,Yes,@CMC_Offcl,https://x.com/CMC_Offcl/status/2068361690165744084,2026-06-20,https://pbs.twimg.com/media/HLREahpacAA037m?format=jpg&name=900x900 | https://pbs.twimg.com/media/HLREag-bQAAsTy_?format=jpg&name=900x900 | https://pbs.twimg.com/media/HLREagyaAAAwmur?format=jpg&name=900x900 | https://pbs.twimg.com/media/HLREkPWbsAAui7f?format=jpg&name=900x900,"Food Safety Inspection Drive | 3/4 
 Restaurant Name: KFC (Devyani India Pvt. Ltd.) 
 Nizampet 
 20.06.2026 
 As part of regular food safety inspections across Cyberabad, CMC Food Safety teams inspected KFC, Nizampet. 
 Good Practices Observed 
 • Food handlers using hairnets, gloves, and aprons 
 • Medical fitness, pest control, and water testing records available 
 • No pest infestation observed 
 Observations 
 • Used cooking oil TPC level found above the permissible limit 
 • Prepared food items lacked preparation and discard time labels 
 • Raw chicken stored in chillers without proper labeling 
 • Pungent smell observed in the kitchen area 
 • Veg and non-veg items stored together without proper segregation 
 • Food and non-food materials stored in the same area 
 • Marination and frying sections required improved housekeeping 
 • Temperature monitoring records for chillers and freezers were not available 
 • Expired food license found in records; renewed license produced upon verification 
 • Tomatoes and lemons nearing use-by date found in storage 
 Action Taken 
 • Improvement Notice issued to the establishment 
 • Instructions given to strengthen food storage, labeling, segregation, oil monitoring, and record maintenance practices 
 • Directions issued to improve housekeeping and food safety compliance 
 Hygiene Assessment 
 100/116 Marks (86%) 
 Observations were communicated for immediate corrective action. 
 Safe Food. Better Hygiene. Healthier Cyberabad. 
 #FoodSafety #FoodInspection #KFC #Nizampet #PublicHealth #SafeFood #CyberabadMunicipalCorporation #FoodSafetyFirst #TeamCMC 
 @jayesh_ranjan 
 @TelanganaCS 
 @TelanganaCMO 
 @IPRTelangana 
 @MC_Cyberabad 
 @HiHyderabad 
 @ZC_SLP 
 @ZC_Kukatpally1 
 @zcquthbullapur 
 @GummallaSrijana"
7 Sisters,,2026-06-20,"Food handlers were using hairnets, gloves, and aprons | Medical fitness, pest control, and water testing records were available | Proper segregation of veg and non-veg food items | No expired products found in the store room | No major pest infestation observed","Prepared food items were not being discarded within the prescribed use-by period | Meat items were not properly labelled | Food items were found kept open near drain areas without adequate covering | Broken tiles and slippery flooring observed in the kitchen | Hot water sanitation practices were not being followed | Lizard droppings found in the store room, indicating inadequate shelf cleaning","Improvement Notice is being issued | Instructions given to strengthen food storage, labelling, sanitation, and housekeeping practices",71,98,73,Observation,Yes,@CMC_Offcl,https://x.com/CMC_Offcl/status/2068293370079027293,2026-06-20,https://pbs.twimg.com/amplify_video_thumb/2068292484988624896/img/GZYcGx49SmCY7a7N.jpg | https://pbs.twimg.com/amplify_video_thumb/2068292481700265984/img/ra3JzgrUzjPAEpvE.jpg | https://pbs.twimg.com/media/HLQNRQKbMAAPKbu?format=jpg&name=small | https://pbs.twimg.com/amplify_video_thumb/2068293084203638784/img/nxQpCKEbpUnPBriO.jpg,"Food Safety Inspection Drive 
 Restaurant Name: 7 Sisters 
 Near NAC Building, Hitex 
 20.06.2026 
 As part of continuous food safety monitoring across Cyberabad, CMC Food Safety teams conducted an inspection at 7 Sisters. 
 Good Practices Observed 
 • Food handlers were using hairnets, gloves, and aprons 
 • Medical fitness, pest control, and water testing records were available 
 • Proper segregation of veg and non-veg food items 
 • No expired products found in the store room 
 • No major pest infestation observed 
 Observations 
 • Prepared food items were not being discarded within the prescribed use-by period 
 • Meat items were not properly labelled 
 • Food items were found kept open near drain areas without adequate covering 
 • Broken tiles and slippery flooring observed in the kitchen 
 • Hot water sanitation practices were not being followed 
 • Lizard droppings found in the store room, indicating inadequate shelf cleaning 
 Action Taken 
 • Improvement Notice is being issued 
 • Instructions given to strengthen food storage, labelling, sanitation, and housekeeping practices 
 Hygiene Assessment 
 71/98 Marks (73%) 
 CMC will continue regular inspections to improve food safety standards and safeguard public health across Cyberabad. 
 #FoodSafety #FoodInspection #PublicHealth #SafeFood #TeamCMC #Cyberabad 
 @jayesh_ranjan 
 @TelanganaCS 
 @TelanganaCMO 
 @IPRTelangana 
 @CMC_Offcl 
 @HiHyderabad 
 @ZC_SLP 
 @ZC_Kukatpally1 
 @zcquthbullapur 
 @GummallaSrijana"
PVR INOX,Inorbit Mall,2026-06-19,"Food handlers using hairnets and aprons | Expiry and use-by dates properly maintained | Medical fitness, pest control, and water testing records available | FOSTAC-certified Food Safety Supervisors deployed | Proper segregation of veg and non-veg items | Hot water sanitation of utensils being followed | No pest infestation observed",Expired sev found and discarded immediately | Spoiled cauliflower found and discarded on the spot | Coke dispensary area required improved housekeeping | Labelling deficiencies observed on certain food items | Cooked chicken tikka found stored in a freezer,Expired and spoiled food items discarded immediately | Instructions issued for improved housekeeping and food storage practices,171,182,94,Observation,No,@CMC_Offcl,https://x.com/CMC_Offcl/status/2067974109087388143,2026-06-19,https://pbs.twimg.com/media/HLLrMyObEAAVGjW?format=jpg&name=900x900 | https://pbs.twimg.com/media/HLLrMyha4AAqr8U?format=jpg&name=small | https://pbs.twimg.com/amplify_video_thumb/2067973783869358081/img/LIiLxVrFKeR5WIPJ.jpg | https://pbs.twimg.com/media/HLLrOxFboAAVlWg?format=jpg&name=small,"Food Safety Inspection Drive | 1/3 
 Restaurant Name: PVR INOX 
 Inorbit Mall 
 19.06.2026 
 As part of regular food safety inspections across Cyberabad, CMC Food Safety teams inspected PVR INOX, Inorbit Mall. 
 Good Practices Observed 
 • Food handlers using hairnets and aprons 
 • Expiry and use-by dates properly maintained 
 • Medical fitness, pest control, and water testing records available 
 • FOSTAC-certified Food Safety Supervisors deployed 
 • Proper segregation of veg and non-veg items 
 • Hot water sanitation of utensils being followed 
 • No pest infestation observed 
 Observations 
 • Expired sev found and discarded immediately 
 • Spoiled cauliflower found and discarded on the spot 
 • Coke dispensary area required improved housekeeping 
 • Labelling deficiencies observed on certain food items 
 • Cooked chicken tikka found stored in a freezer 
 Action Taken 
 • Expired and spoiled food items discarded immediately 
 • Instructions issued for improved housekeeping and food storage practices 
 Hygiene Assessment 
 171/182 Marks (94%) 
 The establishment demonstrated a high level of compliance with food safety standards, with minor observations communicated for immediate rectification. 
 Safe Food. Better Hygiene. Healthier Cyberabad. 
 #FoodSafety #FoodInspection #PVRINOX #PublicHealth #SafeFood #CyberabadMunicipalCorporation #FoodSafetyFirst #TeamCMC 
 @jayesh_ranjan 
 @CEO_Telangana 
 @TelanganaCS 
 @TelanganaCMO 
 @IPRTelangana 
 @CMC_Offcl 
 @HiHyderabad 
 @ZC_SLP 
 @ZC_Kukatpally1 
 @zcquthbullapur 
 @GummallaSrijana"
INOX Ltd,"GSM Mall, Madeenaguda",2026-06-19,Valid FSSAI License available | Medical fitness records of food handlers maintained | Regular pest control measures being carried out and records maintained,Food handlers were not wearing hairnets properly | Incomplete labelling observed on burger buns and sandwich bread | Dustbins found open at coffee and sandwich counters | Chicken tikka used as an ingredient was assigned a 3-day shelf life without supporting technical records | Water testing records for water used in beverage preparation were not available | Packaging testing records were not produced during inspection,Improvement Notice to be issued | Instructions given to maintain all required records and supporting documents | Directions issued to reduce shelf life of prepared ingredients as per food safety requirements | Food handlers instructed to follow proper personal hygiene practices | 50%–90% – Improvement Notice,98,116,85,Observation,Yes,@CMC_Offcl,https://x.com/CMC_Offcl/status/2067983061296509374,2026-06-19,https://pbs.twimg.com/media/HLLy0rGbgAAY0Nh?format=jpg&name=small | https://pbs.twimg.com/media/HLLy0rbaMAAK4jW?format=jpg&name=small | https://pbs.twimg.com/media/HLLy0n3bsAAu3KN?format=jpg&name=small,"Food Safety Inspection Drive | 3/3 
 Restaurant Name: INOX Ltd. 
 GSM Mall, Madeenaguda 
 19.06.2026 
 As part of regular food safety inspections across Cyberabad, CMC Food Safety teams inspected INOX Ltd., GSM Mall. 
 Good Practices Observed 
 • Valid FSSAI License available 
 • Medical fitness records of food handlers maintained 
 • Regular pest control measures being carried out and records maintained 
 Observations 
 • Food handlers were not wearing hairnets properly 
 • Incomplete labelling observed on burger buns and sandwich bread 
 • Dustbins found open at coffee and sandwich counters 
 • Chicken tikka used as an ingredient was assigned a 3-day shelf life without supporting technical records 
 • Water testing records for water used in beverage preparation were not available 
 • Packaging testing records were not produced during inspection 
 Action Taken 
 • Improvement Notice to be issued 
 • Instructions given to maintain all required records and supporting documents 
 • Directions issued to reduce shelf life of prepared ingredients as per food safety requirements 
 • Food handlers instructed to follow proper personal hygiene practices 
 Hygiene Assessment 
 98/116 Marks (85%) 
 Score Criteria 
 50%–90% – Improvement Notice 
 CMC will continue regular inspections to strengthen food safety standards and safeguard public health across Cyberabad. 
 Safe Food. Better Hygiene. Healthier Cyberabad. 
 #FoodSafety #FoodInspection #INOX #GSMMall #PublicHealth #SafeFood #CyberabadMunicipalCorporation #FoodSafetyFirst #TeamCMC 
 @jayesh_ranjan 
 @CEO_Telangana 
 @TelanganaCS 
 @TelanganaCMO 
 @IPRTelangana 
 @CMC_Offcl 
 @HiHyderabad 
 @ZC_SLP 
 @ZC_Kukatpally1 
 @zcquthbullapur 
 @GummallaSrijana"
Cinepolis,LULU Mall,2026-06-19,"Food handlers using hairnets and aprons | Expiry and use-by dates properly maintained | Medical fitness, pest control, and water testing records available | FOSTAC-certified Food Safety Supervisors deployed | Proper segregation of veg and non-veg items | Hot water sanitation of utensils being followed | No pest infestation observed",Dustbins found without lids | Boiled pasta stored in a freezer was discarded on the spot | Used cooking oil TPC level recorded at 21.5 | Open frozen food products were not properly sealed before storage | Cola dispensing counter required improved housekeeping,Boiled pasta discarded immediately | Instructions issued to maintain proper food storage practices | Directions given to improve cleanliness of the dispensing area and avoid storing cooked food in freezers for next-day use,111,116,94,Observation,No,@CMC_Offcl,https://x.com/CMC_Offcl/status/2067981058755481820,2026-06-19,https://pbs.twimg.com/media/HLLxgu1aAAA41Gv?format=jpg&name=900x900 | https://pbs.twimg.com/media/HLLxgvBagAA1DYj?format=jpg&name=900x900 | https://pbs.twimg.com/media/HLLxgu2bgAAbzTT?format=jpg&name=900x900,"Food Safety Inspection Drive | 2/3 
 Restaurant Name: Cinepolis 
 LULU Mall 
 19.06.2026 
 As part of regular food safety inspections across Cyberabad, CMC Food Safety teams inspected Cinepolis, LULU Mall. 
 Good Practices Observed 
 • Food handlers using hairnets and aprons 
 • Expiry and use-by dates properly maintained 
 • Medical fitness, pest control, and water testing records available 
 • FOSTAC-certified Food Safety Supervisors deployed 
 • Proper segregation of veg and non-veg items 
 • Hot water sanitation of utensils being followed 
 • No pest infestation observed 
 Observations 
 • Dustbins found without lids 
 • Boiled pasta stored in a freezer was discarded on the spot 
 • Used cooking oil TPC level recorded at 21.5 
 • Open frozen food products were not properly sealed before storage 
 • Cola dispensing counter required improved housekeeping 
 Action Taken 
 • Boiled pasta discarded immediately 
 • Instructions issued to maintain proper food storage practices 
 • Directions given to improve cleanliness of the dispensing area and avoid storing cooked food in freezers for next-day use 
 Hygiene Assessment 
 111/116 Marks (94%) 
 The establishment demonstrated a high level of compliance with food safety standards, while minor observations were communicated for immediate corrective action. 
 Safe Food. Better Hygiene. Healthier Cyberabad. 
 #FoodSafety #FoodInspection #Cinepolis #LULUMall #PublicHealth #SafeFood #CyberabadMunicipalCorporation #FoodSafetyFirst #TeamCMC 
 @jayesh_ranjan 
 @CEO_Telangana 
 @TelanganaCS 
 @TelanganaCMO 
 @IPRTelangana 
 @CMC_Offcl 
 @HiHyderabad 
 @ZC_SLP 
 @ZC_Kukatpally1 
 @zcquthbullapur 
 @GummallaSrijana"
the above establishment to assess hygiene and food safety compliance,,2026-06-18,,,"Improvement Notice to be issued | Immediate corrective measures directed for pest control, sanitation, and food storage practices | 50%–90% – Improvement Notice",60,108,56,None,Yes,@CMC_Offcl,https://x.com/CMC_Offcl/status/2067587218684928157,2026-06-18,https://pbs.twimg.com/media/HLGLMyKa4AAuQG1?format=jpg&name=small | https://pbs.twimg.com/media/HLGLMyKb0AA0gpD?format=jpg&name=small | https://pbs.twimg.com/media/HLGLMyMakAA91U-?format=jpg&name=small | https://pbs.twimg.com/ext_tw_video_thumb/2067587192160198656/pu/img/6NJ6U1xCLMuFMPK6.jpg,"Food Safety Inspection Drive | 1/4 
 The Spice Kitchen, PNR Empire 
 18.06.2026 
 As part of routine food safety inspections across Cyberabad, CMC Food Safety teams inspected the above establishment to assess hygiene and food safety compliance. 
 Good Practices Observed 
 Food handlers were using hairnets and aprons 
 Key Violations Observed 
 • Heavy cockroach infestation in kitchen, freezer, and storage areas 
 • Grain pests found in stored food items 
 • Stale food stored in the freezer 
 • No proper food labelling, wrapping, or date marking 
 • Raw chicken stored without wrapping 
 • Veg and non-veg items stored together 
 • Poor sanitation practices and damaged flooring near the wash area 
 Action Taken 
 • Improvement Notice to be issued 
 • Immediate corrective measures directed for pest control, sanitation, and food storage practices 
 Hygiene Assessment 
 • Score: 60/108 (56%) 
 Rating 
 50%–90% – Improvement Notice 
 CMC continues regular inspections to strengthen food safety standards and protect public health across Cyberabad. 
 Safe Food. Better Hygiene. Healthier Cyberabad. 
 #FoodSafety #FoodInspection #PublicHealth #SafeFood #CyberabadMunicipalCorporation #FoodSafetyFirst #TeamCMC 
 @jayesh_ranjan 
 @TelanganaCS 
 @TelanganaCMO 
 @IPRTelangana 
 @MC_Cyberabad 
 @HiHyderabad 
 @ZC_SLP 
 @ZC_Kukatpally1 
 @zcquthbullapur 
 @GummallaSrijana"
Nawaabs Restaurant,Anjaiah Nagar,2026-06-18,Proper segregation of vegetarian and non-vegetarian food items | Raw meat stored with appropriate wrapping | No synthetic colours found in use | Colour-coded chopping boards used for veg and non-veg food preparation,,Improvement Notice to be issued | Directions issued to immediately rectify food safety and hygiene deficiencies | 50%–90% – Improvement Notice,140,196,71,None,Yes,@CMC_Offcl,https://x.com/CMC_Offcl/status/2067591940284293515,2026-06-18,https://pbs.twimg.com/media/HLGNFLub0AAr5I_?format=jpg&name=small | https://pbs.twimg.com/media/HLGNFJ1a4AAJYuC?format=jpg&name=small | https://pbs.twimg.com/media/HLGNFLEa8AAG1Kv?format=jpg&name=small | https://pbs.twimg.com/media/HLGNFJmbYAAvDmh?format=jpg&name=small,"Food Safety Inspection Drive | 2/4 
 Restaurant Name: Nawaabs Restaurant 
 Anjaiah Nagar 
 18.06.2026 
 As part of routine food safety inspections across Cyberabad, CMC Food Safety teams inspected the above establishment to assess hygiene and food safety compliance. 
 Good Practices Observed 
 • Proper segregation of vegetarian and non-vegetarian food items 
 • Raw meat stored with appropriate wrapping 
 • No synthetic colours found in use 
 • Colour-coded chopping boards used for veg and non-veg food preparation 
 Key Violations Observed 
 • Stale food items, including meat, rice, noodles, and chicken preparations, found stored in freezers 
 • Improper butchering practices with non-food-grade cutting surfaces 
 • Water stagnation and slippery floors in food preparation areas 
 • No hot water sanitation facility for utensils 
 • Frozen prawns and prepared food items stored without proper labelling and date marking 
 • Freezer hygiene found unsatisfactory with foul odour and blood accumulation 
 • Unhygienic cleaning cloths used in food handling areas 
 • Medical fitness records of food handlers and water testing reports were not available 
 • Minor pest activity observed in storage areas 
 Action Taken 
 • Improvement Notice to be issued 
 • Directions issued to immediately rectify food safety and hygiene deficiencies 
 Hygiene Assessment 
 • Score: 140/196 (71%) 
 Rating 
 50%–90% – Improvement Notice 
 CMC continues regular inspections to strengthen food safety standards and protect public health across Cyberabad. 
 Safe Food. Better Hygiene. Healthier Cyberabad. 
 #FoodSafety #FoodInspection #PublicHealth #SafeFood #CyberabadMunicipalCorporation #FoodSafetyFirst #TeamCMC 
 @jayesh_ranjan 
 @TelanganaCS 
 @TelanganaCMO 
 @IPRTelangana 
 @MC_Cyberabad 
 @HiHyderabad 
 @ZC_SLP 
 @ZC_Kukatpally1 
 @zcquthbullapur 
 @GummallaSrijana"
Bake Max Foods (Brown Bear),Kukatpally,2026-06-18,Food handlers were wearing aprons and hairnets | Basic personal hygiene practices were being followed,,"Food samples collected and sent for laboratory analysis | Show Cause Notice to be issued | Directions issued to strengthen hygiene, storage, and labelling practices",71,92,78,None,No,@CMC_Offcl,https://x.com/CMC_Offcl/status/2067592465859919909,2026-06-18,https://pbs.twimg.com/media/HLGOV14aMAAxVDl?format=jpg&name=small | https://pbs.twimg.com/ext_tw_video_thumb/2067591998715187200/pu/img/0_H3SLGeAdKrSPgA.jpg | https://pbs.twimg.com/ext_tw_video_thumb/2067592251816194048/pu/img/Y7B60z8QDN3Yu5_A.jpg | https://pbs.twimg.com/ext_tw_video_thumb/2067592293767692288/pu/img/13FahJumePO6MNPx.jpg,"Food Safety Inspection Drive | 3/4 
 Restaurant Name: Bake Max Foods (Brown Bear) 
 Kukatpally 
 18.06.2026 
 As part of routine food safety inspections across Cyberabad, CMC Food Safety teams inspected the above establishment to assess hygiene and food safety compliance. 
 Good Practices Observed 
 • Food handlers were wearing aprons and hairnets 
 • Basic personal hygiene practices were being followed 
 Key Violations Observed 
 • Eggs used for baking were stored without proper cleaning, posing a contamination risk 
 • Cockroach infestation observed in the premises 
 • Uneven and slippery flooring in the manufacturing unit 
 • Rusted baking trays found in use 
 • Pigeons observed in the raw material storage area 
 • Finished products lacked manufacturing and expiry date labelling; only batch numbers were mentioned 
 Action Taken 
 • Food samples collected and sent for laboratory analysis 
 • Show Cause Notice to be issued 
 • Directions issued to strengthen hygiene, storage, and labelling practices 
 Hygiene Assessment 
 • Score: 71/92 (78%) 
 Rating 
 50%–90% – Improvement Required 
 CMC continues regular inspections to strengthen food safety standards and protect public health across Cyberabad. 
 Safe Food. Better Hygiene. Healthier Cyberabad. 
 #FoodSafety #FoodInspection #PublicHealth #SafeFood #CyberabadMunicipalCorporation #FoodSafetyFirst #TeamCMC 
 @jayesh_ranjan 
 @TelanganaCS 
 @TelanganaCMO 
 @IPRTelangana 
 @MC_Cyberabad 
 @HiHyderabad 
 @ZC_SLP 
 @ZC_Kukatpally1 
 @zcquthbullapur 
 @GummallaSrijana"
Bahar Cafe,,2026-06-18,Valid FSSAI License was available and displayed,,Show Cause Notice issued for serious food safety and hygiene violations | FBO instructed to suspend kitchen operations until thorough cleaning and corrective measures are completed | Immediate compliance with food safety norms directed | Below 50% – Show Cause Notice,38,96,40,None,No,@CMC_Offcl,https://x.com/CMC_Offcl/status/2067593997888172084,2026-06-18,https://pbs.twimg.com/media/HLGRxQMbUAAEV-t?format=jpg&name=small | https://pbs.twimg.com/media/HLGRxQKaIAAHQai?format=jpg&name=small | https://pbs.twimg.com/media/HLGRxQEb0AAAC2B?format=jpg&name=small | https://pbs.twimg.com/media/HLGRxSIaMAAXt7Z?format=jpg&name=small,"Food Safety Inspection Drive | 4/4 
 Restaurant Name: Bahar Cafe 
 Madeenaguda 
 18.06.2026 
 As part of routine food safety inspections across Cyberabad, CMC Food Safety teams inspected the above establishment to assess hygiene and food safety compliance. 
 Good Practice Observed 
 • Valid FSSAI License was available and displayed 
 Key Violations Observed 
 • Water accumulation near RO dispenser posing a safety hazard 
 • Water used for cooking and drinking was not tested 
 • Staff toilet door found open near operational areas 
 • Poor kitchen hygiene, including unclean ceiling and inadequate lighting 
 • Broken flooring and damaged wash area infrastructure 
 • Open drains and accumulation of food waste observed 
 • Prepared food items stored without proper labels or date markings 
 • Worn-out chopping boards and iron knives in use 
 • Medical fitness records of food handlers were not available 
 Action Taken 
 • Show Cause Notice issued for serious food safety and hygiene violations 
 • FBO instructed to suspend kitchen operations until thorough cleaning and corrective measures are completed 
 • Immediate compliance with food safety norms directed 
 Hygiene Assessment 
 • Score: 38/96 (40%) 
 Rating 
 Below 50% – Show Cause Notice 
 CMC remains committed to ensuring safe food practices through regular inspections and strict enforcement across food establishments in Cyberabad. 
 Safe Food. Better Hygiene. Healthier Cyberabad. 
 #FoodSafety #FoodInspection #PublicHealth #SafeFood #CyberabadMunicipalCorporation #FoodSafetyFirst #TeamCMC 
 @jayesh_ranjan 
 @TelanganaCS 
 @TelanganaCMO 
 @IPRTelangana 
 @MC_Cyberabad 
 @HiHyderabad 
 @ZC_SLP 
 @ZC_Kukatpally1 
 @zcquthbullapur 
 @GummallaSrijana"
La Pino'z Pizza,,2026-06-17,,,Expired and improperly stored food items discarded on the spot | Directions issued for deep cleaning and pest control | Improvement Notice being issued for immediate compliance | 50%–90% – Improvement Notice | Below 50% – Show Cause Notice,67,100,67,None,Yes,@CMC_Offcl,https://x.com/CMC_Offcl/status/2067242242226704709,2026-06-17,https://pbs.twimg.com/media/HLBRsoeaQAAeWgY?format=jpg&name=small | https://pbs.twimg.com/amplify_video_thumb/2067242110634573824/img/W8XYX05VZ6yGV3wQ.jpg | https://pbs.twimg.com/media/HLBRvzLaQAAoc5z?format=jpg&name=small | https://pbs.twimg.com/amplify_video_thumb/2067242150572773376/img/Z4plvwHFKO0okjh-.jpg,"Food Safety Inspection Drive | 1/3 
 Restaurant Name: La Pino'z Pizza 
 Jubilee Enclave 
 17.06.2026 
 As part of continuous food safety monitoring across Cyberabad, CMC Food Safety teams conducted an inspection at the above establishment. 
 Key Violations Observed 
 • Heavy cockroach infestation 
 • Expired spice mixes, flavoured syrups, and bread items found 
 • Unlabelled and improperly stored food items 
 • Microbial infestation observed in freezer under maintenance 
 • Chicken stored without proper wrapping 
 • Lizard droppings found near food storage area 
 • Medical fitness records, water testing reports not available 
 • Veg and non-veg items stored in the same freezer 
 Action Taken 
 • Expired and improperly stored food items discarded on the spot 
 • Directions issued for deep cleaning and pest control 
 • Improvement Notice being issued for immediate compliance 
 Hygiene Assessment 
 • Score: 67/100 (67%) 
 Score Criteria 
 Above 90% – Good 
 50%–90% – Improvement Notice 
 Below 50% – Show Cause Notice 
 CMC will continue regular inspections to strengthen food safety and public health standards across Cyberabad. 
 Safe Food. Better Hygiene. Healthier Cyberabad. 
 #FoodSafety #FoodInspection #PublicHealth #SafeFood #CyberabadMunicipalCorporation #FoodSafetyFirst #TeamCMC 
 @jayesh_ranjan 
 @TelanganaCS 
 @TelanganaCMO 
 @IPRTelangana 
 @MC_Cyberabad 
 @HiHyderabad 
 @ZC_SLP 
 @ZC_Kukatpally1 
 @zcquthbullapur 
 @GummallaSrijana"
AnTeRa,,2026-06-17,"Food handlers were maintaining personal hygiene with hairnets, hand gloves, and aprons | Regular pest control measures were being carried out and records maintained | FSSAI License displayed at a prominent location | Hot water facility available for washing and sanitizing utensils",,Mould-affected vegetables and unsuitable cooking oil were discarded on the spot | Instructions issued to implement proper food labelling and storage practices | Directions given to maintain all mandatory records and strengthen hygiene protocols | Improvement Notice to be issued for the observed violations | 50%–90% – Improvement Notice | Below 50% – Show Cause Notice,,,,None,Yes,@CMC_Offcl,https://x.com/CMC_Offcl/status/2067245003269927398,2026-06-17,https://pbs.twimg.com/media/HLBURAIasAAjida?format=jpg&name=small | https://pbs.twimg.com/media/HLBURAFbYAAfR2h?format=jpg&name=small | https://pbs.twimg.com/media/HLBURAXbQAAHa7z?format=jpg&name=small | https://pbs.twimg.com/media/HLBUVzOacAAQdTY?format=jpg&name=small,"Food Safety Inspection Drive | 3/3 
 Restaurant Name: AnTeRa 
 Madeenaguda 
 17.06.2026 
 As part of continuous food safety monitoring across Cyberabad, CMC Food Safety teams conducted an inspection at the above establishment. 
 Good Practices Observed 
 • Food handlers were maintaining personal hygiene with hairnets, hand gloves, and aprons 
 • Regular pest control measures were being carried out and records maintained 
 • FSSAI License displayed at a prominent location 
 • Hot water facility available for washing and sanitizing utensils 
 Non-Compliance Observed 
 • Medical fitness records of food handlers were not available 
 • Water testing reports for water used in cooking and ice preparation were not available 
 • Desserts, non-vegetarian food items, mushrooms, and chopped onions were stored without proper labels 
 • Iron knives were in use in food preparation areas 
 • Mould growth observed on cauliflower and potatoes 
 • Cooking oil used for French fries was found unsuitable for further use 
 • Dustbins were kept open near operational areas 
 Action Taken 
 • Mould-affected vegetables and unsuitable cooking oil were discarded on the spot 
 • Instructions issued to implement proper food labelling and storage practices 
 • Directions given to maintain all mandatory records and strengthen hygiene protocols 
 • Improvement Notice to be issued for the observed violations 
 Hygiene Assessment 
 • Total Score: 106 
 • Obtained Marks: 87 
 • Hygiene Percentage: 83% 
 Score Criteria 
 Above 90% – Good 
 50%–90% – Improvement Notice 
 Below 50% – Show Cause Notice 
 CMC will continue regular food safety inspections across restaurants, kitchens, eateries, and food establishments to strengthen hygiene standards and safeguard public health across Cyberabad. 
 Safe Food. Better Hygiene. Healthier Cyberabad. 
 #FoodSafety #FoodInspection #PublicHealth #SafeFood #CyberabadMunicipalCorporation #FoodSafetyFirst #TeamCMC 
 @jayesh_ranjan 
 @TelanganaCS 
 @TelanganaCMO 
 @IPRTelangana 
 @MC_Cyberabad 
 @HiHyderabad 
 @ZC_SLP 
 @ZC_Kukatpally1 
 @zcquthbullapur 
 @GummallaSrijana"
10 Pounder Pizzeteria,,2026-06-17,Food handlers were using hairnets and aprons | Proper segregation of vegetarian and non-vegetarian food items | Medical fitness certificates of food handlers were available | No pest infestation observed | Hot water sanitation of utensils was being carried out | Raw materials were properly labelled and stored with appropriate wrapping,,Instructions issued for immediate cleaning and housekeeping improvements | Directions given to maintain regular cleaning schedules and uphold food safety standards | 50%–90% – Improvement Notice | Below 50% – Show Cause Notice,99,106,94,None,Yes,@CMC_Offcl,https://x.com/CMC_Offcl/status/2067243781989310533,2026-06-17,https://pbs.twimg.com/media/HLBS88AbEAE-032?format=jpg&name=small | https://pbs.twimg.com/media/HLBS87waoAA-aWK?format=jpg&name=small | https://pbs.twimg.com/media/HLBS88MbEAAJ2TL?format=jpg&name=small,"Food Safety Inspection Drive | 2/3 
 Restaurant Name: 10 Pounder Pizzeteria 
 Near SMR Vinay Technopolis 
 17.06.2026 
 As part of continuous food safety monitoring across Cyberabad, CMC Food Safety teams conducted an inspection at the above establishment. 
 Good Practices Observed 
 • Food handlers were using hairnets and aprons 
 • Proper segregation of vegetarian and non-vegetarian food items 
 • Medical fitness certificates of food handlers were available 
 • No pest infestation observed 
 • Hot water sanitation of utensils was being carried out 
 • Raw materials were properly labelled and stored with appropriate wrapping 
 Minor Issues Observed 
 • Dust and cobwebs noticed on certain internal fittings 
 • Bottom section of the freezer required improved cleaning and maintenance 
 Action Taken 
 • Instructions issued for immediate cleaning and housekeeping improvements 
 • Directions given to maintain regular cleaning schedules and uphold food safety standards 
 Hygiene Assessment 
 • Score: 99/106 (94%) 
 Score Criteria 
 Above 90% – Good 
 50%–90% – Improvement Notice 
 Below 50% – Show Cause Notice 
 The establishment demonstrated a high level of compliance with food safety and hygiene standards, while minor observations have been communicated for further improvement. 
 Safe Food. Better Hygiene. Healthier Cyberabad. 
 #FoodSafety #FoodInspection #PublicHealth #SafeFood #CyberabadMunicipalCorporation #FoodSafetyFirst #TeamCMC 
 @jayesh_ranjan 
 @TelanganaCS 
 @TelanganaCMO 
 @IPRTelangana 
 @MC_Cyberabad 
 @HiHyderabad 
 @ZC_SLP 
 @ZC_Kukatpally1 
 @zcquthbullapur 
 @GummallaSrijana"
Subway,Kondapur,2026-06-16,"Food handlers were equipped with gloves and aprons and maintaining personal hygiene | Walls, flooring, ceilings, and overall infrastructure were found in satisfactory condition | No usage of synthetic food colours observed | Separate handling and storage of vegetarian and non-vegetarian food items",,50% to 90% – Improvement Notice | Below 50% – Show Cause Notice,,,,None,Yes,@CMC_Offcl,https://x.com/CMC_Offcl/status/2066884676741112192,2026-06-16,https://pbs.twimg.com/amplify_video_thumb/2066884313329876992/img/clzry896WJnVuKli.jpg | https://pbs.twimg.com/media/HK8MVVBbYAA3cib?format=jpg&name=small | https://pbs.twimg.com/amplify_video_thumb/2066884313350848512/img/KXPSncTOacigTm-3.jpg | https://pbs.twimg.com/media/HK8MVQebwAAOBVX?format=jpg&name=small,"Food Safety Inspection Drive  Kondapur 
 Restaurant Name: Subway 
 Location: Rajarajeshwar Nagar, Kondapur 
 Date: 16.06.2026 
 As part of continuous food safety monitoring across Cyberabad, CMC Food Safety teams conducted an inspection at Subway, Kondapur. 
 Good Practices Observed: 
 • Food handlers were equipped with gloves and aprons and maintaining personal hygiene 
 • Walls, flooring, ceilings, and overall infrastructure were found in satisfactory condition 
 • No usage of synthetic food colours observed 
 • Separate handling and storage of vegetarian and non-vegetarian food items 
 Non-Compliance Observed: 
 • Incoming raw vegetables were not being properly checked at the time of procurement 
 • Rotten lettuce found stored in the chiller 
 • Cut vegetables including onions, tomatoes, and lettuce were found unlabelled, with some exceeding the declared use-by date 
 • Food waste observed on the floor in the food preparation area 
 • Presence of flies noticed in the food preparation section 
 • Sink and washing areas found inadequately maintained 
 • Medical fitness certificates of food handlers, food testing reports, and water analysis reports were not available during inspection 
 • Food handlers were found to have inadequate awareness of safe food handling practices 
 Necessary Action Taken: 
 • Rotten and unlabelled vegetables were discarded on the spot 
 • Improvement Notice to be issued for the observed violations and necessary corrective measures 
 Hygiene Assessment: 
 • Total Score: 96 
 • Obtained Marks: 58 
 • Hygiene Percentage: 60% 
 Hygiene Score Criteria: 
 Above 90% – Good 
 50% to 90% – Improvement Notice 
 Below 50% – Show Cause Notice 
 CMC will continue regular food safety inspections across restaurants, kitchens, eateries, and food establishments to strengthen hygiene standards and safeguard public health across Cyberabad. 
 Citizens can report food safety concerns through the MyCURE App or by tagging 
 @CMC_Offcl 
 on X/Twitter for prompt field inspection and necessary action. 
 Safe Food. Responsible Practices. Healthier Cyberabad. 
 #FoodSafety #PublicHealth #FoodInspection #Subway #Kondapur #SafeFood #CyberabadMunicipalCorporation #FoodSafetyFirst #TeamCMC 
 @jayesh_ranjan 
 @TelanganaCS 
 @TelanganaCMO 
 @IPRTelangana 
 @MC_Cyberabad 
 @HiHyderabad 
 @ZC_SLP 
 @ZC_Kukatpally1 
 @zcquthbullapur 
 @GummallaSrijana"
the above establishment,,2026-05-26,,,Premises closed due to operation with expired license | Stale veg biryani and manchurian discarded immediately | Hygiene Score: 40 / 116 | 50% to 90% – Improvement Notice | Below 50% – Show Cause Notice,40,116,34,None,Yes,@GHMCOnline,https://x.com/GHMCOnline/status/2059529151581958229,2026-05-26,https://pbs.twimg.com/media/HJQL5IhbgAA_GHc?format=jpg&name=small | https://pbs.twimg.com/media/HJQL5ITa4AAKvst?format=jpg&name=small | https://pbs.twimg.com/media/HJQL5IUaUAA-Ptd?format=jpg&name=small | https://pbs.twimg.com/amplify_video_thumb/2059284005753901057/img/fRpt9laGd-xSFJlk.jpg,"Food Safety Inspection Drive | Moosapet 
 Location: Udupi Upahar, Moosapet 
 Date: 26.05.2026 
 As part of continuous food safety monitoring across Cyberabad, CMC Food Safety teams conducted an inspection at the above establishment. 
 Violations Identified: 
 • Slippery kitchen flooring observed 
 • Kitchen drain found clogged with food waste 
 • Cooked veg biryani, cooked rice, batters, paneer, manchurian, and dough improperly stored in freezer 
 • Storage containers found untidy 
 • Wash area maintained in unhygienic condition 
 • Frozen food not thawed hygienically 
 • Cockroach infestation and flies observed in kitchen area 
 • Food handlers found without hairnets and masks 
 • Medical records and water analysis reports not produced during inspection 
 • Establishment found operating with expired food license 
 Action Taken: 
 • Premises closed due to operation with expired license 
 • Stale veg biryani and manchurian discarded immediately 
 • Hygiene Score: 40 / 116 
 Hygiene Score Criteria: 
 Above 90% – Good 
 50% to 90% – Improvement Notice 
 Below 50% – Show Cause Notice 
 CMC will continue regular food safety inspections across restaurants, kitchens, eateries, and food establishments to strengthen hygiene standards and public health safety across Cyberabad. 
 Citizens can report food safety concerns through the MyCURE App or by tagging 
 @CMC_Offcl 
 on X/Twitter for prompt field inspection and necessary action. 
 Safe Food. Clean Kitchens. Healthier Cyberabad. 
 #FoodSafety #Cyberabad #PublicHealth #CMC #CitizenFirst 
 @jayesh_ranjan 
 @CEO_Telangana 
 @TelanganaCS 
 @TelanganaCMO 
 @IPRTelangana 
 @MC_Cyberabad 
 @DigitalMediaTG 
 @HiHyderabad 
 @ZC_SLP 
 @ZC_Kukatpally1 
 @zcquthbullapur"
,,2026-05-20,,,Expired/spoiled food articles and suspected reused oil were discarded on the spot | Enforcement samples were lifted and sent for analysis | Necessary action is being initiated against the Food Business Operators under the Food Safety & Standards Act | Consumers are advised to purchase food only from hygienic licensed establishments and report unsafe food practices to Food Safety authorities,,,,None,No,@cfs_telangana,https://x.com/cfs_telangana/status/2057142339169354223,2026-05-20,https://pbs.twimg.com/amplify_video_thumb/2057141469128056833/img/xQ3l_Dd0kS2eS0EY.jpg | https://pbs.twimg.com/media/HIxvRFOboAASLmz?format=jpg&name=small | https://pbs.twimg.com/media/HIxvRFfaYAAYHPL?format=jpg&name=small | https://pbs.twimg.com/media/HIxvRFVaYAI-n6k?format=jpg&name=small,"@Cfs_telangana 
 – As part of the statewide Food Safety inspections, gross food safety and hygiene violations of serious public health concern were detected at 2 eateries on Nagole Main Road — M/s Urban Monk Fine Baking and M/s Cyber Pearl Brewing Pvt. Ltd. (Meld House). 
 · Violations included pest infestation, expired and mislabeled food products, improper food storage, suspected repeated use of cooking oil, and poor sanitary conditions. 
 Similarly, during inspections in Karimnagar, serious violations were detected at Ganesh Bangalore Bakery, Subhash Nagar, Mancherial Chowrasta 
 · Violations: 750 damaged, foul-smelling and housefly-infested eggs were found and 20 kg cakes suspected to be prepared using these eggs were also discarded on the spot 
 Action taken: 
 · Expired/spoiled food articles and suspected reused oil were discarded on the spot. 
 · Enforcement samples were lifted and sent for analysis. 
 · Necessary action is being initiated against the Food Business Operators under the Food Safety & Standards Act 
 Public Advisory: 
 Consumers are advised to purchase food only from hygienic licensed establishments and report unsafe food practices to Food Safety authorities. 
 #FoodSafety #FSSAI 
 @EatRightIndia"
M/s Lulu Hypermarket,KPHB Colony and detected multiple serious violations across the premises,2026-05-18,,,"Approximately 150 Kg of food articles including sweets, oils, flour and pulses with infestation were seized/discarded | Food samples lifted on suspicion of adulteration or excess artificial colour usage and pest-infested besan flour and sent for analysis | Public Advisory: Consumers are advised to remain vigilant while purchasing food products from retail outlets, supermarkets, bakeries and eateries",,,,None,No,@cfs_telangana,https://x.com/cfs_telangana/status/2056436009844584838,2026-05-18,https://pbs.twimg.com/media/HInmK8VaEAAu15x?format=jpg&name=small | https://pbs.twimg.com/media/HInmK8Ja8AAcmTU?format=jpg&name=small | https://pbs.twimg.com/amplify_video_thumb/2056432425170038784/img/5plPDmG6-W0fEjX0.jpg,"#CFS_telangana - Based on the complaint received, Food Safety officials conducted an inspection at M/s Lulu Hypermarket, KPHB Colony and detected multiple serious violations across the premises. 
 In-House Kitchen Violations: 
 • Poor hygiene conditions observed 
 • Leftover food stored in refrigerators – discarded on the spot 
 • Presence of pests 
 • Decayed vegetables found 
 • Near-expiry packed food articles with torn/ misleading labels detected 
 Retail Area Violations: 
 • Insect infestation found in besan flour, atta and dals 
 • Packed food articles with expired FSSAI licence identified 
 • Labelling/display violations including absence of nutritional information, FSSAI licence details and manufacturer address 
 Butchering Area: 
 • Drains clogged with meat waste emitting pungent smell, posing serious public health concern 
 Action Taken: 
 • Approximately 150 Kg of food articles including sweets, oils, flour and pulses with infestation were seized/discarded 
 • Food samples lifted on suspicion of adulteration or excess artificial colour usage and pest-infested besan flour and sent for analysis 
 Public Advisory: Consumers are advised to remain vigilant while purchasing food products from retail outlets, supermarkets, bakeries and eateries. 
 @fssaiindia 
 @eatright"
,,2026-04-22,,,Approximately 1000 kg of raw onions and 70 kg of fried onions were destroyed | About 480 kg of cooking oil was seized after lifting samples for analysis | The premises has been sealed for further investigation,,,,None,No,@c_tgsafe,https://x.com/c_tgsafe/status/2046994225531953467,2026-04-22,https://pbs.twimg.com/amplify_video_thumb/2046989279277326337/img/j9iZmNcI-14bLvK6.jpg | https://pbs.twimg.com/amplify_video_thumb/2046989327914475520/img/40frljvQM1MwODUv.jpg | https://pbs.twimg.com/amplify_video_thumb/2046993961060114433/img/GfHbZFOxlhc9dwL3.jpg,"#CFS_Telangana – 22-04-2026 - Food Safety team, Hyderabad on receiving information from SOT – Police raided M/s Naseeb Birhsta at Premises No.12-8-82/7/10, Kaithalapur, Kukatpally, Hyderabad 
 Gross Violations Found: 
 · Used cooking oil was being procured and reused for bulk preparation of fried onions 
 · Premises were highly unhygienic 
 Action Taken 
 · Approximately 1000 kg of raw onions and 70 kg of fried onions were destroyed 
 · About 480 kg of cooking oil was seized after lifting samples for analysis 
 · The premises has been sealed for further investigation. 
 @fssai 
 , 
 @eatright"
,,2026-04-18,,,"Samples of chicken & fish lifted on suspicion of adulteration /contamination for testing | Sample of Institutional Tamarind (Imli) packed by M/s Raja Rajeshwari Food Processors (FSSAI Lic. No. 13620010000328), has been lifted for analysis as the label appeared tampered, with suspicion of expiry and re-labelling",,,,None,No,@cfs_telangana,https://x.com/cfs_telangana/status/2045553136530825276,2026-04-18,https://pbs.twimg.com/media/HGNDCvHbgAA7Uc4?format=jpg&name=small | https://pbs.twimg.com/media/HGNDCu0aUAAy-mX?format=jpg&name=small | https://pbs.twimg.com/media/HGNDWrPaEAAXv1L?format=jpg&name=small,"#Cfs_telangana – Flying Squad Visit to M/s Supermarket Grocery Stores Supplies Pvt Ltd (Big Basket Warehouse) at Kompally, Hyd on 18-04-2026 
 Inspection revealed serious violations: 
 · The warehouse is operating 22 transport vehicles, but the license does not include “Transport” in KoB, 
 · Unhygienic & rusty transport vehicles violating Schedule 4 transport conditions. 
 · Pigeon droppings, cobwebs found in the warehouse 
 · Unclean vegetables & unsafe handling 
 Action taken: 
 · Samples of chicken & fish lifted on suspicion of adulteration /contamination for testing 
 · Sample of Institutional Tamarind (Imli) packed by M/s Raja Rajeshwari Food Processors (FSSAI Lic. No. 13620010000328), has been lifted for analysis as the label appeared tampered, with suspicion of expiry and re-labelling. 
 @fssaiindia 
 @bigbasket_com 
 #wismark"
,,2026-02-28,,,"Acting on official directions, the Greater Hyderabad Municipal Corporation (#GHMC) carried out intensive inspections of hotels and food establishments in the Secunderabad Zone to ensure compliance with food safety and hygiene standards",,,,None,No,@GHMCOnline,https://x.com/GHMCOnline/status/2027749041485058371,2026-02-28,https://pbs.twimg.com/amplify_video_thumb/2027748570884149248/img/9bUcN3vokafwZvpf.jpg | https://pbs.twimg.com/media/HCQClPDboAAr-QH?format=jpg&name=small | https://pbs.twimg.com/media/HCQC3XVbEAEQ6dl?format=jpg&name=900x900 | https://pbs.twimg.com/media/HCQC3WRbEAM58Ob?format=jpg&name=900x900,"GHMC Conducts Food Safety Inspections in Secunderabad Zone !!! 
 Notices Issued to Two Establishments; Strict Action Warned Against Violations 
 Acting on official directions, the Greater Hyderabad Municipal Corporation (#GHMC) carried out intensive inspections of hotels and food establishments in the Secunderabad Zone to ensure compliance with food safety and hygiene standards. 
 The inspection drive was led by Secunderabad Zonal Commissioner Smt. Mangatayaru. The team comprised Gazetted Food Inspector Laxmi Kanth, Food Safety Officers Swathi and Sahiti, along with the Deputy Commissioner, Assistant Municipal Commissioner and Deputy SWM officials of Kavadiguda Circle. 
 Key Violations Observed 
 ➤ During the inspection, officials identified the following lapses: 
 ➤ Poor hygiene and sanitation conditions 
 ➤ Improper maintenance of mandatory records 
 ➤ Storage of expired food items 
 ➤ Use of unauthorised food colours 
 Notices have been issued to the managements concerned. Further action will be initiated as per the provisions of the Food Safety and Standards Act. 
 GHMC reiterated that all hotels and food establishments across Greater Hyderabad must strictly adhere to prescribed food safety and hygiene standards. 
 The Corporation warned that stringent legal action will be taken against establishments found compromising public health through unsafe or unhygienic practices. 
 #FoodSafety #PublicHealth #FoodInspection #Secunderabad #HygieneStandards #SafeFood #CivicEnforcement"
,,2025-11-01,,,"against The Hotel NH-9 (The Palace Hotel) | License suspended under the Food Safety & Standards Act, 2006 | 107.5 kg of unsafe food (prawns, fish, chicken, paneer, gobi fry) discarded on the spot | The FBO shall remain closed until issuance of final orders by the competent authority | Utsav Restaurant, Pedda Kaparathi (NH-65: Chityala Mandal): 16 kg stored meat & seafood, 3 kg butter, 20 kg red gravy, 10 kg manchurian, 3 kg chicken lollipops and15 kg coloured food discarded on the spot | Athidhi Restaurant, Koyalagudem (NH-65: Choutuppal): Discarded 8 kg spoiled chicken & meat, 5 kg expired dry fruits, 10 L spoiled sauces, 12 kg other spoiled food, and 1.5 kg synthetic colours | Sangam Hotel, Koyalagudem (NH-65: Choutuppal): Found 2 kg synthetic food colours; discarded 8 kg long-stored cooked food without use-by labels | The Fort Food Court (NH-163): Discarded 6 kg coloured prawns, corn, and chicken; seized 15 kg red gram dal, 9 kg turmeric, 18 packets noodles, and 12 kg tamarind (label-defective) | Minerva Coffee Shop & Blue Fox Restaurant (NH-163): Discarded 1 kg synthetic food colours and 5 kg label-defective items | Hotel Vivera (NH-163): Discarded 12 liters fo expired cool drinks and 2 kg long-stored gravy | Taj Palace Restaurant (NH-44: Gadwal): 8 kg stale raw chicken and 3 kg boiled vegetables discarded and destroyed. No bills found; notice issued for operating without a valid licence | Athidhi Restaurant (NH-44: Gadwal): Stale biryani pieces and cooked chicken found in the refrigerator were discarded on the spot",,,,None,Yes,@cfs_telangana,https://x.com/cfs_telangana/status/1984669936363717116,2025-11-01,https://pbs.twimg.com/media/G4r1K6Ka8AAFiG1?format=jpg&name=small | https://pbs.twimg.com/media/G4r1K6KaAAE3gOu?format=jpg&name=small | https://pbs.twimg.com/media/G4r1K6ObQAEGh9z?format=jpg&name=small | https://pbs.twimg.com/media/G4r1kGsbEAAd0EG?format=jpg&name=small,"@cfs_telangana 
 taskforce in a major enforcement drive inspected 12 highway food outlets along NH-65 (Hyderabad–Vijayawada), NH-163 (Warangal–Hyderabad) & NH-44 (Kurnool–Hyderabad) covering Sangareddy, Warangal & Jogulamba Gadwal districts. 
 At M/s The Hotel NH-9 (The Palace Hotel), Rudraram, Sangareddy, serious violations were observed — unhygienic kitchen, pest & rodent infestation, uncovered/unlabelled food, clogged drains, improper segregation of veg/non-veg, and suspected synthetic colours. 
 Action taken against The Hotel NH-9 (The Palace Hotel): 
 · License suspended under the Food Safety & Standards Act, 2006 
 · 107.5 kg of unsafe food (prawns, fish, chicken, paneer, gobi fry) discarded on the spot 
 · The FBO shall remain closed until issuance of final orders by the competent authority 
 Other outlets including Taj Palace Hotel, Athidhi 44 Drive-In, Lepakshi Restaurants in NH-44, Minerva, Vivera, Utsav & Orissa Dhaba in NH-65 found with poor hygiene, unlabeled food, expired ingredients & reuse of cooking oil. 7 samples lifted, and 8 improvement notices issued. 
 Action taken: 
 · Utsav Restaurant, Pedda Kaparathi (NH-65: Chityala Mandal): 16 kg stored meat & seafood, 3 kg butter, 20 kg red gravy, 10 kg manchurian, 3 kg chicken lollipops and15 kg coloured food discarded on the spot. 
 · Athidhi Restaurant, Koyalagudem (NH-65: Choutuppal): Discarded 8 kg spoiled chicken & meat, 5 kg expired dry fruits, 10 L spoiled sauces, 12 kg other spoiled food, and 1.5 kg synthetic colours. 
 · Sangam Hotel, Koyalagudem (NH-65: Choutuppal): Found 2 kg synthetic food colours; discarded 8 kg long-stored cooked food without use-by labels. 
 · The Fort Food Court (NH-163): Discarded 6 kg coloured prawns, corn, and chicken; seized 15 kg red gram dal, 9 kg turmeric, 18 packets noodles, and 12 kg tamarind (label-defective). 
 · Minerva Coffee Shop & Blue Fox Restaurant (NH-163): Discarded 1 kg synthetic food colours and 5 kg label-defective items. 
 · Hotel Vivera (NH-163): Discarded 12 liters fo expired cool drinks and 2 kg long-stored gravy. 
 · Taj Palace Restaurant (NH-44: Gadwal): 8 kg stale raw chicken and 3 kg boiled vegetables discarded and destroyed. No bills found; notice issued for operating without a valid licence. 
 · Athidhi Restaurant (NH-44: Gadwal): Stale biryani pieces and cooked chicken found in the refrigerator were discarded on the spot. 
 Food safety & hygiene are non-negotiable — enforcement drives will continue statewide. 
 #FoodSafety #Telangana #EatSafeIndia #FSSAI #TaskForce #PublicHealth #RUCO #SafeFood"
,,2025-10-18,,"Identified | Use of synthetic food colours in milk-based sweets (e.g., jalebi, laddus, khoya items) | Non-food grade silver foils and poor hygiene in manufacturing units | Adulterated ghee and reused cooking oil in sweet preparation | Unlabelled and expired food products in retail outlets",,,,,Major,No,@cfs_telangana,https://x.com/cfs_telangana/status/1979564016495399104,2025-10-18,https://pbs.twimg.com/media/G3jOKukWUAANglE?format=jpg&name=small | https://pbs.twimg.com/media/G3jQ6ZlXcAAC2MW?format=jpg&name=360x360 | https://pbs.twimg.com/media/G3jQ_sJXIAAuFah?format=jpg&name=360x360 | https://pbs.twimg.com/media/G3jQ_sPXYAACAU9?format=jpg&name=360x360,"#FoodSafetyTelangana #Diwali2025 Food Safety Drive across Telangana 
 As part of statewide festive inspections, teams conducted special #FoodSafety drives across all 33 districts covering sweet manufacturing units and retailers. 
 · 95 sweet units were inspected statewide. 
 · 77 enforcement samples and 157 surveillance  samples lifted and sent for lab analysis. 
 · Spot testing done where Food Safety on Wheels were available 
 Major Violations Identified: 
 · Use of synthetic food colours in milk-based sweets (e.g., jalebi, laddus, khoya items). 
 · Non-food grade silver foils and poor hygiene in manufacturing units. 
 · Adulterated ghee and reused cooking oil in sweet preparation. 
 · Unlabelled and expired food products in retail outlets. 
 @fssaiindia 
 #foodsafety #EatRightIndia"
,,2025-09-23,,,"Unsafe food materials discarded on the spot. Samples lifted, Instructions issued to Food Business Operators (FBOs) to immediately rectify violations",,,,None,No,@cfs_telangana,https://x.com/cfs_telangana/status/1970383331176100016,2025-09-23,https://pbs.twimg.com/media/G1g02w2a0AAxnHx?format=jpg&name=small | https://pbs.twimg.com/media/G1g02xibIAAtCf8?format=jpg&name=900x900 | https://pbs.twimg.com/media/G1g02w6bkAAisr5?format=jpg&name=900x900 | https://pbs.twimg.com/media/G1g02w9aoAEsEtk?format=jpg&name=900x900,"Food Safety# Department, Telangana: A statewide inspection drive was conducted by the Food Safety Task Force, Gazetted Food Inspectors (GFIs), and Food Safety Officers (FSOs) covering both the GHMC area and all districts of Telangana. As part of this exercise, a total of 55 pizza outlets were inspected, including: 
 18 Pizza Hut outlets 
 16 Domino’s outlets 
 21 other local pizzerias and bakeries 
 Lapses noticed: 
 Pizza Hut (M/s Devyani International Ltd#, Sapphire Foods India limited#) – 8 / 18 outlets 
 GHMC: multiple outlets with license/jurisdiction      mismatch, veg & non-veg stored together, calibration not done. 
 Hanumakonda (Kazipet): unclean machinery/ equipment. 
 Warangal: medical certificates issued without      proper examination. 
 Nizamabad: license not displayed, freezer      temperature not maintained, cleaning log not kept. 
 Nalgonda: license not displayed, dustbin without      lid, sauce bottles without “use by” date. 
 Domino’s Pizza (M/s Jubilant FoodWorks Ltd#) – 10 / 16 outlets 
 GHMC: several outlets with license not displayed,      expired license at Nizamabad, pest control overdue, gloves/masks not used,  calibration records missing. 
 Hanumakonda (Subedari): machinery not cleaned, no      records, pest control not updated, no medical records for new staff. 
 Warangal: gloves/masks not worn; medical      certificates issued without examination. 
 Nizamabad: expired license displayed, no medical      records 
 Mahabubnagar: no segregation of veg/non-veg,      medical records absent, handlers not wearing gloves. 
 Other Establishments – 6/ 21 outlets 
 · Pizza Paradise (Hyderabad): license not displayed, no medical certificates, overused oil, unlabelled paneer/ bread/potato chips, rusty ovens, open cooking area without insect-proof mesh. 
 Master V Bakers (Hyderabad): similar violations as above. 
 Pizza Korner (Medak): uncovered vegetables      on workstation, overused oil discarded, no pest control or medical  records. 
 La Pinoz Pizza (Kokapet/Narsingi): Non-compliance      with prescribed machinery cleaning schedules. 
 Action taken: Unsafe food materials discarded on the spot. Samples lifted, Instructions issued to Food Business Operators (FBOs) to immediately rectify violations."
,,2025-09-02,,,,,,,None,No,@cfs_telangana,https://x.com/cfs_telangana/status/1962928750821306644,2025-09-02,https://pbs.twimg.com/media/Gz25Gm8bYAAB9MA?format=jpg&name=small | https://pbs.twimg.com/media/Gz25KYUbAAEOlcr?format=jpg&name=small | https://pbs.twimg.com/media/Gz22XcjaEAADdzf?format=jpg&name=small | https://pbs.twimg.com/media/Gz25N6NaIAA0Rhr?format=jpg&name=small,"Food Safety Inspection TaskForce conducted a surprise inspection in Mess Management Services at BITS Pilani. Multiple violations observed: FSSAI license missing, no pest control/health records, unhygienic floors, greasy exhausts, damaged pest meshes, and dirty storage areas."
,,2025-06-20,,,"FBOs have been directed to maintain hygiene, ensure proper food labeling (prep date & shelf life), and cleanliness in premises",,,,None,No,@GHMCOnline,https://x.com/GHMCOnline/status/1936057487490531567,2025-06-20,https://pbs.twimg.com/media/Gt5A8IjWIAAeE8M?format=jpg&name=small | https://pbs.twimg.com/media/Gt5A8IzXwAAMpxX?format=jpg&name=small | https://pbs.twimg.com/media/Gt5A8IuWIAAUJcV?format=jpg&name=small,"As per the instructions of the Commissioner, GHMC, Food Safety Officers are conducting surprise inspections of bakeries in their respective circles. So far, 57 bakeries inspected and 32 samples sent to the State Food Lab, Nacharam and the drive is being continued. 
 FBOs have been directed to maintain hygiene, ensure proper food labeling (prep date & shelf life), and cleanliness in premises. 
 Common violations observed: 
 • FSSAI license not displayed 
 • No “Best Before/Use By” dates 
 • Open dustbins 
 • Housefly infestation 
 • Food waste littered on floor 
 • No health records/water analysis reports 
 • Food handlers without hairnets 
 Notices under the FSS Act, 2006 & Rules, 2011 are being issued. Major violations will face adjudication. 
 #GHMC #Hyderabad #FoodSafety #PublicHealth"
,,2025-05-23,,,,,,,None,No,@GHMCOnline,https://x.com/GHMCOnline/status/1925924329159630888,2025-05-23,https://pbs.twimg.com/media/GrpBZ17WsAA45kt?format=jpg&name=small,"GHMC Conducts Surprise Inspections on Non-Compliant Hostels 
 In response to persistent complaints of regulatory non-compliance, GHMC has intensified inspections of private hostels in Ameerpet, Ashok Nagar, and Dilsukhnagar. These establishments, serving students and working professionals, were found violating norms related to food safety (FSSAI), sanitation, fire safety, and urban planning. 
 Key issues include operating without FSSAI and trade licenses, using cellars as kitchens, overcrowding, unhygienic food preparation, and dumping waste in streets. Despite ongoing awareness efforts, many hostels continue to violate essential health and safety standards. 
 To ensure compliance, GHMC formed a Special Task Force to conduct surprise inspections across critical zones. On 23.05.2025, 58 hostels were inspected; 30 notices were issued, 5 hostel kitchens sealed, and penalties totaling ₹2,45,500 imposed under the provisions of the GHMC Act, 1955. 
 Common violations observed during inspections included: 
 • Unclean walls and ceilings 
 • Greasy exhaust systems 
 • Uncovered dustbins 
 • Housefly infestations 
 • Unauthorized kitchens in cellars/parking areas 
 • Food handlers lacking proper hygiene (no hairnets/gloves) 
 • Uneven floors with stagnant water and waste 
 • Cooking and cleaning areas situated too closely 
 • Operation without valid FSSAI and trade licenses 
 • Toilets opening directly into kitchens 
 GHMC will continue strict enforcement to ensure compliance and safeguard public health. 
 #GHMC #FoodSafety #PublicHealth #SafetyStandards"
Wacky Wok Cloud Kitchen,"Satya Towers, Kondapur",,Hairnets used by food handlers | No expired raw materials found | FIFO and FEFO practices followed | Fly catchers installed | Veg and non-veg food areas separated,"Inadequate cooling in the freezer, with spoiled vegetables and pest activity observed | No hot-water sanitation of utensils | Freezer found poorly maintained and unhygienic | Synthetic colours found in use and discarded on the spot",The establishment was advised to rectify the deficiencies and maintain required food safety and hygiene standards,60,98,61,Major,No,@CMC_Offcl,,,,"🍽️ Food Safety Inspection | Wacky Wok Cloud Kitchen 
 CMC Food Safety Officers conducted an inspection at Wacky Wok Cloud Kitchen, Satya Towers, Kondapur, to review food safety and hygiene practices. 
 ✅ Good practices observed: 
 • Hairnets used by food handlers 
 • No expired raw materials found 
 • FIFO and FEFO practices followed 
 • Fly catchers installed 
 • Veg and non-veg food areas separated 
 ⚠️ Major violations observed: 
 • Inadequate cooling in the freezer, with spoiled vegetables and pest activity observed 
 • No hot-water sanitation of utensils 
 • Freezer found poorly maintained and unhygienic 
 • Synthetic colours found in use and discarded on the spot 
 📊 FoSCoS Score: 60/98 (61%) 
 The establishment was advised to rectify the deficiencies and maintain required food safety and hygiene standards."
Varnam,"Genpact Lane, Hafeezpet",,Good personal hygiene maintained by food handlers,"Water stagnation and food waste in drains | Iron knives and no pallets in use | Required medical, food testing, water testing and packaging records not available | Refrigerator not properly cleaned/sorted, with water leakage observed | Semi-prepared and prepared foods not labelled | Dust on ceiling and greasy exhausts | Fungus observed on cauliflower and spoiled cabbage and potatoes not sorted","A notice will be served for the observed violations, with directions to rectify the deficiencies and improve food safety and hygiene practices",61,100,61,Non-compliance,Yes,@CMC_Offcl,,,,"🍽️ Food Safety Inspection | Varnam, Hafeezpet 
 CMC Food Safety Officers conducted an inspection at Varnam, Genpact Lane, Hafeezpet to review food hygiene and safety practices. 
 ✅ Good practice observed: 
 • Good personal hygiene maintained by food handlers. 
 ⚠️ Non-compliances observed: 
 • Water stagnation and food waste in drains 
 • Iron knives and no pallets in use 
 • Required medical, food testing, water testing and packaging records not available 
 • Refrigerator not properly cleaned/sorted, with water leakage observed 
 • Semi-prepared and prepared foods not labelled 
 • Dust on ceiling and greasy exhausts 
 • Fungus observed on cauliflower and spoiled cabbage and potatoes not sorted 
 📊 FoSCoS Score: 61/100 (61%) 
 A notice will be served for the observed violations, with directions to rectify the deficiencies and improve food safety and hygiene practices."
Santosh Dhaba 100% Pure Veg Exclusive,"near Miraj Theatre Lane, Miyapur",,,"Semi-prepared food items were not labelled | Food handlers were not using hairnets, aprons and gloves | Exhaust fans and ceiling areas require proper cleaning | No lighting in the store room | Medical, pest control, water & food testing and packaging records were not produced | Broken side-wall tiles observed | Chiller was not maintained properly","A notice will be served for the violations observed, with directions to rectify the deficiencies and improve food safety and hygiene practices",55,96,58,Non-compliance,Yes,@CMC_Offcl,,,,"🍽️ Food Safety Inspection | Santosh Dhaba 
 CMC Food Safety Officers conducted an inspection at Santosh Dhaba 100% Pure Veg Exclusive, near Miraj Theatre Lane, Miyapur, to check food safety and hygiene standards. 
 ⚠️ Key non-compliances observed: 
 • Semi-prepared food items were not labelled 
 • Food handlers were not using hairnets, aprons and gloves 
 • Exhaust fans and ceiling areas require proper cleaning 
 • No lighting in the store room 
 • Medical, pest control, water & food testing and packaging records were not produced 
 • Broken side-wall tiles observed 
 • Chiller was not maintained properly 
 📊 FoSCoS Score: 55/96 (58%) 
 A notice will be served for the violations observed, with directions to rectify the deficiencies and improve food safety and hygiene practices."
Palle Vindhu,Hitech City,,Hairnets and aprons used by food handlers | Water testing and medical fitness certificates maintained | No synthetic colours or Ajinomoto used | FOSTAC supervisors deployed | No stored/stale or expired food observed | Proper pest control practices and records maintained | Regular cleaning schedules followed | Raw materials properly labelled,Uneven wash-area surface causing water accumulation at some points | Drain mesh to be installed,The establishment was advised to address the observed deficiencies and continue maintaining good food safety and hygiene standards,102,110,93,Improvement,No,@CMC_Offcl,,,,"🍽️ Food Safety Inspection | Palle Vindhu, Hitech City 
 CMC Food Safety Officers conducted an inspection at Palle Vindhu, Hitech City, to review food safety and hygiene practices. 
 ✅ Good practices observed: 
 • Hairnets and aprons used by food handlers 
 • Water testing and medical fitness certificates maintained 
 • No synthetic colours or Ajinomoto used 
 • FOSTAC supervisors deployed 
 • No stored/stale or expired food observed 
 • Proper pest control practices and records maintained 
 • Regular cleaning schedules followed 
 • Raw materials properly labelled 
 ⚠️ Areas requiring improvement: 
 • Uneven wash-area surface causing water accumulation at some points 
 • Drain mesh to be installed 
 📊 FoSCoS Score: 102/110 (93%) 
 The establishment was advised to address the observed deficiencies and continue maintaining good food safety and hygiene standards."
Jaaju Kitchen & Bar,Madinaguda,,"Good personal hygiene maintained by food handlers | Pest control, annual medical and water testing records available | Semi-prepared food items properly labelled",Food testing and packaging records not available | Food waste observed in drains and an open drain near the dishwashing area | Damaged gasket in the non-veg chiller requiring replacement | Water clogging in the dishwashing sink | Exhausts near stoves and freezer require proper cleaning,The management was instructed to rectify the observed deficiencies and maintain required food safety and hygiene standards,82,102,80,Improvement,No,@CMC_Offcl,,,,"🍽️ Food Safety Check | Jaaju Kitchen & Bar 
 CMC Food Safety Officers conducted an inspection at Jaaju Kitchen & Bar, Madinaguda, to check food safety, hygiene and compliance standards. 
 ✅ Good practices observed: 
 • Good personal hygiene maintained by food handlers 
 • Pest control, annual medical and water testing records available 
 • Semi-prepared food items properly labelled 
 ⚠️ Areas requiring improvement: 
 • Food testing and packaging records not available 
 • Food waste observed in drains and an open drain near the dishwashing area 
 • Damaged gasket in the non-veg chiller requiring replacement 
 • Water clogging in the dishwashing sink 
 • Exhausts near stoves and freezer require proper cleaning 
 📊 FoSCoS Score: 82/102 (80%) 
 The management was instructed to rectify the observed deficiencies and maintain required food safety and hygiene standards."
Ideal Kitchen,"Beeramguda, Ameenpur",,,"Kitchen found small, congested and not properly cleaned | Semi-prepared batters and chutneys stored close to a brooming stick | Medical, pest control, water testing, food testing and packaging records were not available | Artificial food colours were in use and discarded on the spot | Prepared rice items including sambar rice, lemon rice, pulihora and mudda pappu-avakaya were kept open | Batters were not properly labelled | Open drain and broken flooring in the grinding area causing water stagnation and odour | Exhausts were not cleaned properly","A notice was issued for the observed violations, with directions to rectify the deficiencies and improve food safety and hygiene standards",58,92,63,Non-compliance,Yes,@CMC_Offcl,,,,"🍽️ Food Safety Inspection | Ideal Kitchen, Beeramguda 
 CMC Food Safety Officers conducted an inspection at Ideal Kitchen, Beeramguda, Ameenpur, to review food safety and hygiene practices. 
 ⚠️ Non-compliances observed: 
 • Kitchen found small, congested and not properly cleaned 
 • Semi-prepared batters and chutneys stored close to a brooming stick 
 • Medical, pest control, water testing, food testing and packaging records were not available 
 • Artificial food colours were in use and discarded on the spot 
 • Prepared rice items including sambar rice, lemon rice, pulihora and mudda pappu-avakaya were kept open 
 • Batters were not properly labelled 
 • Open drain and broken flooring in the grinding area causing water stagnation and odour 
 • Exhausts were not cleaned properly 
 📊 FoSCoS Score: 58/92 (63%) 
 A notice was issued for the observed violations, with directions to rectify the deficiencies and improve food safety and hygiene standards."
Babai Hotel,Madinaguda,,"Pest control, packaging and water testing records were available",Medical records of food handlers and food testing records were not available | Uneven flooring causing water stagnation and odour in the dishwashing area | Semi-prepared foods such as poori and poornam were not labelled | Food waste was not cleared from drains | Exhaust was greasy and required cleaning | Broken flooring observed at some places in the kitchen,"A notice was issued for the observed violations, with directions to rectify the deficiencies and maintain required food safety and hygiene standards",69,98,71,Non-compliance,Yes,@CMC_Offcl,,,,"Food Safety Inspection | Babai Hotel, Madinaguda 
 CMC Food Safety Officers conducted an inspection at Babai Hotel, Madinaguda, to review food safety and hygiene practices. 
 ✅ Good practices observed: 
 • Pest control, packaging and water testing records were available. 
 ⚠️ Non-compliances observed: 
 • Medical records of food handlers and food testing records were not available 
 • Uneven flooring causing water stagnation and odour in the dishwashing area 
 • Semi-prepared foods such as poori and poornam were not labelled 
 • Food waste was not cleared from drains 
 • Exhaust was greasy and required cleaning 
 • Broken flooring observed at some places in the kitchen 
 📊 FoSCoS Score: 69/98 (71%) 
 A notice was issued for the observed violations, with directions to rectify the deficiencies and maintain required food safety and hygiene standards."
Antera Kitchen & Bar,Madinaguda,,"TPC meter available for monitoring cooking oil quality | Probe thermometer in use | Records of medical fitness, food & water testing, packaging, pest control, calibration and RUCO maintained | Food handlers trained under FoSTaC | Pallets used for proper storage | Meshes fitted to kitchen doors and the non-vegetarian cutting area | Food items properly labelled",Kitchen and store room doors should be fitted with a proper self-closing mechanism | Cleaning frequency behind cooking stoves needs to be increased,,100,106,94,Improvement,No,@CMC_Offcl,,,,"🍽️ Food Safety Inspection | Antera Kitchen & Bar 
 Food Safety Officers of CMC conducted an inspection at Antera Kitchen & Bar, Madinaguda, to assess compliance with food safety and hygiene standards. 
 ✅ Good practices observed: 
 • TPC meter available for monitoring cooking oil quality. 
 • Probe thermometer in use. 
 • Records of medical fitness, food & water testing, packaging, pest control, calibration and RUCO maintained. 
 • Food handlers trained under FoSTaC. 
 • Pallets used for proper storage. 
 • Meshes fitted to kitchen doors and the non-vegetarian cutting area. 
 • Food items properly labelled. 
 ⚠️ Areas requiring improvement: 
 • Kitchen and store room doors should be fitted with a proper self-closing mechanism. 
 • Cleaning frequency behind cooking stoves needs to be increased. 
 📊 FoSCoS Score: 100/106 (94%)"
